"Date","Price","Open","High","Low","Change %"
"03/13/2024","2.3550","2.3300","2.3630","2.2950","1.25%"
"03/12/2024","2.3260","2.3040","2.3420","2.2750","1.26%"
"03/11/2024","2.2970","2.2690","2.3180","2.2410","1.23%"
"03/08/2024","2.2690","2.2920","2.2970","2.2330","-1.09%"
"03/07/2024","2.2940","2.3320","2.3500","2.2500","-1.59%"
"03/06/2024","2.3310","2.3230","2.3620","2.3150","0.39%"
"03/05/2024","2.3220","2.3940","2.3940","2.2930","-3.13%"
"03/04/2024","2.3970","2.4140","2.4280","2.3850","-0.66%"
"03/01/2024","2.4130","2.4420","2.4720","2.3920","0.50%"
"02/29/2024","2.4010","2.4550","2.5130","2.4010","-2.48%"
"02/28/2024","2.4620","2.4660","2.4690","2.4350","0.24%"
"02/27/2024","2.4560","2.4400","2.4560","2.4110","1.03%"
"02/26/2024","2.4310","2.3780","2.4310","2.3740","2.92%"
"02/23/2024","2.3620","2.4410","2.4780","2.3620","-3.00%"
"02/22/2024","2.4350","2.4500","2.5000","2.4110","-0.25%"
"02/21/2024","2.4410","2.3740","2.4410","2.3670","3.00%"
"02/20/2024","2.3700","2.4090","2.4100","2.3580","-1.70%"
"02/19/2024","2.4110","2.3940","2.4180","2.3870","0.42%"
"02/16/2024","2.4010","2.3590","2.4220","2.3590","2.04%"
"02/15/2024","2.3530","2.3370","2.3530","2.2920","0.21%"
"02/14/2024","2.3480","2.3930","2.3930","2.3450","-1.84%"
"02/13/2024","2.3920","2.3620","2.4150","2.3330","1.10%"
"02/12/2024","2.3660","2.3680","2.3720","2.3640","-0.59%"
"02/09/2024","2.3800","2.3670","2.3900","2.3330","1.02%"
"02/08/2024","2.3560","2.3170","2.3600","2.2950","2.48%"
"02/07/2024","2.2990","2.2920","2.3140","2.2720","0.09%"
"02/06/2024","2.2970","2.3180","2.3430","2.2810","-1.16%"
"02/05/2024","2.3240","2.2420","2.3330","2.2370","4.26%"
"02/02/2024","2.2290","2.1740","2.2470","2.1530","4.26%"
"02/01/2024","2.1380","2.1850","2.2170","2.1190","-1.06%"
"01/31/2024","2.1610","2.2700","2.2700","2.1540","-4.93%"
"01/30/2024","2.2730","2.2350","2.2930","2.1980","1.52%"
"01/29/2024","2.2390","2.2660","2.2710","2.2280","-2.53%"
"01/26/2024","2.2970","2.2510","2.3140","2.2370","0.61%"
"01/25/2024","2.2830","2.3520","2.3710","2.2790","-2.19%"
"01/24/2024","2.3340","2.3240","2.3400","2.2940","-0.64%"
"01/23/2024","2.3490","2.2980","2.3500","2.2930","3.98%"
"01/22/2024","2.2590","2.2730","2.2870","2.2440","-1.95%"
"01/19/2024","2.3040","2.3220","2.3260","2.2770","-0.13%"
"01/18/2024","2.3070","2.2770","2.3120","2.2630","1.45%"
"01/17/2024","2.2740","2.2510","2.2930","2.2230","2.62%"
"01/16/2024","2.2160","2.1920","2.2260","2.1740","0.77%"
"01/15/2024","2.1990","2.1500","2.2180","2.1500","2.61%"
"01/12/2024","2.1430","2.1600","2.1870","2.1310","-2.90%"
"01/11/2024","2.2070","2.2100","2.2250","2.1650","-0.27%"
"01/10/2024","2.2130","2.1950","2.2140","2.1600","1.10%"
"01/09/2024","2.1890","2.1370","2.1990","2.1370","3.11%"
"01/08/2024","2.1230","2.1560","2.2080","2.1200","-0.93%"
"01/05/2024","2.1430","2.1250","2.2110","2.1180","1.85%"
"01/04/2024","2.1040","1.9930","2.1400","1.9750","4.31%"
"01/03/2024","2.0170","2.0770","2.1050","2.0140","-2.42%"
"01/02/2024","2.0670","2.0680","2.1100","2.0450","2.30%"
"01/01/2024","2.0205","1.9460","2.0205","2.0170","-0.37%"
"12/29/2023","2.0280","1.9460","2.0340","1.9260","4.48%"
"12/28/2023","1.9410","1.9070","1.9540","1.8960","2.16%"
"12/27/2023","1.9000","1.9600","1.9720","1.8980","-3.92%"
"12/26/2023","1.9775","1.9830","1.9775","1.9775","0.15%"
"12/25/2023","1.9745","1.9830","1.9745","1.9700","0.28%"
"12/22/2023","1.9690","1.9830","1.9890","1.9490","0.77%"
"12/21/2023","1.9540","1.9770","1.9890","1.9400","-1.21%"
"12/20/2023","1.9780","1.9980","2.0030","1.9540","-1.88%"
"12/19/2023","2.0160","2.0420","2.0450","2.0090","-2.80%"
"12/18/2023","2.0740","2.0350","2.0840","2.0090","3.03%"
"12/15/2023","2.0130","2.1270","2.1410","2.0120","-5.32%"
"12/14/2023","2.1260","2.0720","2.1510","2.0290","-1.94%"
"12/13/2023","2.1680","2.2230","2.2280","2.1680","-2.78%"
"12/12/2023","2.2300","2.2310","2.2430","2.1950","-1.46%"
"12/11/2023","2.2630","2.2730","2.2770","2.2460","-0.22%"
"12/08/2023","2.2680","2.2010","2.2860","2.1960","3.23%"
"12/07/2023","2.1970","2.2000","2.2350","2.1660","-0.72%"
"12/06/2023","2.2130","2.2590","2.2790","2.2030","-1.12%"
"12/05/2023","2.2380","2.2890","2.3240","2.2360","-4.77%"
"12/04/2023","2.3500","2.3700","2.3830","2.3130","-0.47%"
"12/01/2023","2.3610","2.4590","2.4610","2.3610","-3.59%"
"11/30/2023","2.4490","2.4300","2.4890","2.3940","1.03%"
"11/29/2023","2.4240","2.4440","2.4680","2.4110","-2.85%"
"11/28/2023","2.4950","2.5420","2.5680","2.4880","-2.35%"
"11/27/2023","2.5550","2.6450","2.6490","2.5480","-3.40%"
"11/24/2023","2.6450","2.6340","2.6630","2.6240","0.84%"
"11/23/2023","2.6230","2.5550","2.6250","2.5500","2.26%"
"11/22/2023","2.5650","2.5710","2.5960","2.5160","0.39%"
"11/21/2023","2.5550","2.6130","2.6130","2.5470","-2.29%"
"11/20/2023","2.6150","2.6040","2.6360","2.5870","1.12%"
"11/18/2023","2.5860","2.5860","2.5860","2.5860","-0.15%"
"11/17/2023","2.5900","2.5880","2.5910","2.5170","0.19%"
"11/16/2023","2.5850","2.6050","2.6280","2.5600","-1.75%"
"11/15/2023","2.6310","2.5890","2.6480","2.5670","1.11%"
"11/14/2023","2.6020","2.7070","2.7170","2.5990","-4.34%"
"11/13/2023","2.7200","2.7260","2.7470","2.6880","0.37%"
"11/10/2023","2.7100","2.7080","2.7420","2.6800","2.15%"
"11/09/2023","2.6530","2.6140","2.6640","2.6120","1.49%"
"11/08/2023","2.6140","2.6660","2.6670","2.6060","-1.99%"
"11/07/2023","2.6670","2.7480","2.7600","2.6590","-2.59%"
"11/06/2023","2.7380","2.6810","2.7390","2.6750","3.79%"
"11/03/2023","2.6380","2.7160","2.7310","2.6290","-2.58%"
"11/02/2023","2.7080","2.7120","2.7510","2.6650","-1.81%"
"11/01/2023","2.7580","2.8410","2.8530","2.7480","-1.82%"
"10/31/2023","2.8090","2.8160","2.8180","2.7530","-0.64%"
"10/30/2023","2.8270","2.7840","2.8510","2.7630","-0.25%"
"10/27/2023","2.8340","2.8620","2.8620","2.8200","-0.56%"
"10/26/2023","2.8500","2.9190","2.9290","2.8330","-1.35%"
"10/25/2023","2.8890","2.8270","2.8900","2.7920","1.98%"
"10/24/2023","2.8330","2.8550","2.8690","2.7810","-1.08%"
"10/23/2023","2.8640","2.9190","2.9680","2.8640","-0.66%"
"10/20/2023","2.8830","2.9090","2.9400","2.8790","-1.54%"
"10/19/2023","2.9280","2.9290","2.9580","2.9050","0.21%"
"10/18/2023","2.9220","2.8780","2.9310","2.8630","1.35%"
"10/17/2023","2.8830","2.7950","2.8920","2.7860","3.63%"
"10/16/2023","2.7820","2.7430","2.8000","2.7410","1.70%"
"10/14/2023","2.7355","2.7355","2.7355","2.7355","0.13%"
"10/13/2023","2.7320","2.7930","2.7930","2.7040","-1.94%"
"10/12/2023","2.7860","2.7060","2.7870","2.6870","2.54%"
"10/11/2023","2.7170","2.7780","2.7950","2.7030","-2.30%"
"10/10/2023","2.7810","2.7690","2.8330","2.7590","0.65%"
"10/09/2023","2.7630","2.8850","2.8920","2.7630","-4.23%"
"10/06/2023","2.8850","2.8850","2.9540","2.8850","0.10%"
"10/05/2023","2.8820","2.9200","2.9660","2.8800","-2.01%"
"10/04/2023","2.9410","3.0060","3.0240","2.9310","-0.54%"
"10/03/2023","2.9570","2.9190","2.9610","2.8960","1.55%"
"10/02/2023","2.9120","2.8560","2.9170","2.8410","2.61%"
"09/29/2023","2.8380","2.9310","2.9310","2.8110","-4.38%"
"09/28/2023","2.9680","2.8340","2.9800","2.8340","4.77%"
"09/27/2023","2.8330","2.8070","2.8360","2.7720","1.21%"
"09/26/2023","2.7990","2.8120","2.8210","2.7640","0.36%"
"09/25/2023","2.7890","2.7460","2.8110","2.7430","1.97%"
"09/22/2023","2.7350","2.7340","2.7660","2.6800","-0.44%"
"09/21/2023","2.7470","2.7520","2.7790","2.7270","1.59%"
"09/20/2023","2.7040","2.7510","2.7510","2.7030","-1.35%"
"09/19/2023","2.7410","2.6990","2.7510","2.6920","0.88%"
"09/18/2023","2.7170","2.6890","2.7220","2.6770","1.76%"
"09/15/2023","2.6700","2.5830","2.6780","2.5830","2.89%"
"09/14/2023","2.5950","2.6520","2.6580","2.5640","-2.19%"
"09/13/2023","2.6530","2.6440","2.6900","2.6410","0.42%"
"09/12/2023","2.6420","2.6400","2.6430","2.6090","0.23%"
"09/11/2023","2.6360","2.6100","2.6440","2.6100","1.05%"
"09/09/2023","2.6085","2.6085","2.6085","2.6085","0.40%"
"09/08/2023","2.5980","2.5750","2.6240","2.5650","-0.88%"
"09/07/2023","2.6210","2.6640","2.6640","2.6100","-1.39%"
"09/06/2023","2.6580","2.6010","2.6590","2.5950","1.88%"
"09/05/2023","2.6090","2.5810","2.6110","2.5740","1.24%"
"09/04/2023","2.5770","2.5530","2.5840","2.5490","1.30%"
"09/01/2023","2.5440","2.4760","2.5450","2.4460","2.95%"
"08/31/2023","2.4710","2.5470","2.5710","2.4550","-2.56%"
"08/30/2023","2.5360","2.5270","2.5870","2.5190","1.04%"
"08/29/2023","2.5100","2.5360","2.5760","2.5070","-2.18%"
"08/28/2023","2.5660","2.5570","2.5950","2.5410","0.35%"
"08/25/2023","2.5570","2.5130","2.5790","2.5130","1.39%"
"08/24/2023","2.5220","2.5210","2.5340","2.4480","-0.04%"
"08/23/2023","2.5230","2.6410","2.6480","2.5180","-4.97%"
"08/22/2023","2.6550","2.6910","2.7050","2.6510","-1.92%"
"08/21/2023","2.7070","2.6220","2.7090","2.6220","3.28%"
"08/18/2023","2.6210","2.6840","2.6840","2.5910","-2.93%"
"08/17/2023","2.7000","2.7130","2.7140","2.6720","2.08%"
"08/16/2023","2.6450","2.6800","2.6800","2.6350","-1.23%"
"08/15/2023","2.6780","2.6520","2.7290","2.6480","1.52%"
"08/14/2023","2.6380","2.6290","2.6500","2.6010","0.69%"
"08/11/2023","2.6200","2.5970","2.6260","2.5560","4.63%"
"08/10/2023","2.5040","2.4940","2.5110","2.4630","1.50%"
"08/09/2023","2.4670","2.4200","2.4920","2.4200","1.07%"
"08/08/2023","2.4410","2.5260","2.5360","2.4120","-4.69%"
"08/07/2023","2.5610","2.5110","2.6050","2.5110","1.31%"
"08/06/2023","2.5280","2.5280","2.5280","2.5280","-0.51%"
"08/04/2023","2.5410","2.5720","2.6200","2.5330","-0.43%"
"08/03/2023","2.5520","2.5260","2.5660","2.5080","1.75%"
"08/02/2023","2.5080","2.5110","2.5230","2.4660","-0.71%"
"08/01/2023","2.5260","2.4560","2.5290","2.4480","2.47%"
"07/31/2023","2.4650","2.4930","2.5030","2.4500","0.28%"
"07/28/2023","2.4580","2.4880","2.5540","2.4260","0.94%"
"07/27/2023","2.4350","2.4250","2.4680","2.3740","-0.77%"
"07/26/2023","2.4540","2.3960","2.4620","2.3960","2.21%"
"07/25/2023","2.4010","2.4110","2.4410","2.3970","0.54%"
"07/24/2023","2.3880","2.4510","2.4600","2.3650","-1.49%"
"07/23/2023","2.4240","2.4240","2.4240","2.4240","-0.16%"
"07/21/2023","2.4280","2.4570","2.4720","2.4150","-0.86%"
"07/20/2023","2.4490","2.3930","2.4570","2.3810","2.17%"
"07/19/2023","2.3970","2.2970","2.4010","2.2850","2.00%"
"07/18/2023","2.3500","2.4300","2.4340","2.3360","-4.20%"
"07/17/2023","2.4530","2.4740","2.4890","2.4120","-0.93%"
"07/16/2023","2.4760","2.4760","2.4760","2.4760","-0.04%"
"07/14/2023","2.4770","2.4610","2.4830","2.4340","0.49%"
"07/13/2023","2.4650","2.5510","2.5530","2.4380","-3.33%"
"07/12/2023","2.5500","2.6360","2.6360","2.5470","-3.81%"
"07/11/2023","2.6510","2.6130","2.6570","2.5910","0.57%"
"07/10/2023","2.6360","2.6480","2.6790","2.6220","0.04%"
"07/07/2023","2.6350","2.6220","2.6770","2.6010","0.19%"
"07/06/2023","2.6300","2.5190","2.6410","2.4960","6.05%"
"07/05/2023","2.4800","2.4490","2.4800","2.4050","1.02%"
"07/04/2023","2.4550","2.4330","2.4800","2.4300","0.90%"
"07/03/2023","2.4330","2.4010","2.4490","2.3630","1.76%"
"07/02/2023","2.3910","2.3910","2.3910","2.3910","0.00%"
"06/30/2023","2.3910","2.4040","2.4560","2.3880","-0.95%"
"06/29/2023","2.4140","2.3430","2.4340","2.3260","4.32%"
"06/28/2023","2.3140","2.3720","2.3720","2.3000","-2.16%"
"06/27/2023","2.3650","2.3130","2.3650","2.2860","2.83%"
"06/26/2023","2.3000","2.3510","2.3680","2.2920","-2.11%"
"06/25/2023","2.3495","2.3495","2.3495","2.3495","-0.32%"
"06/23/2023","2.3570","2.4760","2.4820","2.3160","-5.27%"
"06/22/2023","2.4880","2.4070","2.5000","2.4060","2.30%"
"06/21/2023","2.4320","2.4080","2.4520","2.3940","1.08%"
"06/20/2023","2.4060","2.5090","2.5090","2.3980","-4.45%"
"06/19/2023","2.5180","2.4500","2.5260","2.4270","2.15%"
"06/18/2023","2.4650","2.4650","2.4650","2.4650","0.16%"
"06/16/2023","2.4610","2.5080","2.5480","2.4560","-1.60%"
"06/15/2023","2.5010","2.4800","2.5480","2.4400","2.37%"
"06/14/2023","2.4430","2.4450","2.4670","2.4190","0.70%"
"06/13/2023","2.4260","2.3570","2.4260","2.3370","1.85%"
"06/12/2023","2.3820","2.3890","2.3980","2.3250","0.06%"
"06/11/2023","2.3805","2.3805","2.3805","2.3805","0.06%"
"06/09/2023","2.3790","2.4170","2.4320","2.3670","-1.86%"
"06/08/2023","2.4240","2.4630","2.4800","2.4140","-0.82%"
"06/07/2023","2.4440","2.3560","2.4450","2.3470","3.21%"
"06/06/2023","2.3680","2.4030","2.4070","2.3090","-0.29%"
"06/05/2023","2.3750","2.3470","2.3950","2.3430","2.72%"
"06/04/2023","2.3120","2.3120","2.3120","2.3120","0.22%"
"06/02/2023","2.3070","2.2590","2.3210","2.2540","2.08%"
"06/01/2023","2.2600","2.2890","2.3060","2.2400","-0.53%"
"05/31/2023","2.2720","2.2870","2.3000","2.2400","-3.73%"
"05/30/2023","2.3600","2.4260","2.4390","2.3380","-3.00%"
"05/29/2023","2.4330","2.5260","2.5340","2.4230","-4.00%"
"05/28/2023","2.5345","2.5345","2.5345","2.5345","-0.14%"
"05/26/2023","2.5380","2.5330","2.5560","2.4950","2.01%"
"05/25/2023","2.4880","2.4840","2.4920","2.4380","1.43%"
"05/24/2023","2.4530","2.4440","2.5010","2.4170","-0.49%"
"05/23/2023","2.4650","2.4600","2.4970","2.4550","0.57%"
"05/22/2023","2.4510","2.4320","2.4650","2.3960","1.66%"
"05/21/2023","2.4110","2.4110","2.4110","2.4110","-0.70%"
"05/19/2023","2.4280","2.4570","2.4990","2.4210","0.62%"
"05/18/2023","2.4130","2.3500","2.4580","2.3470","3.12%"
"05/17/2023","2.3400","2.3370","2.3460","2.2920","0.00%"
"05/16/2023","2.3400","2.2910","2.3460","2.2530","1.34%"
"05/15/2023","2.3090","2.3070","2.3180","2.2820","1.90%"
"05/12/2023","2.2660","2.2330","2.2730","2.2270","2.16%"
"05/11/2023","2.2180","2.2960","2.2970","2.1740","-3.40%"
"05/10/2023","2.2960","2.3510","2.3690","2.2770","-1.80%"
"05/09/2023","2.3380","2.3220","2.3420","2.2920","0.86%"
"05/08/2023","2.3180","2.2760","2.3490","2.2700","1.29%"
"05/07/2023","2.2885","2.2885","2.2885","2.2885","-0.28%"
"05/05/2023","2.2950","2.1910","2.3030","2.1910","4.60%"
"05/04/2023","2.1940","2.2430","2.3060","2.1780","-2.36%"
"05/03/2023","2.2470","2.2720","2.2740","2.2180","-0.18%"
"05/02/2023","2.2510","2.4100","2.4250","2.2490","-2.70%"
"05/01/2023","2.3135","2.3130","2.3205","2.3130","-0.37%"
"04/28/2023","2.3220","2.4270","2.4810","2.3170","-5.34%"
"04/27/2023","2.4530","2.4160","2.4580","2.3920","2.81%"
"04/26/2023","2.3860","2.3690","2.3900","2.3110","0.34%"
"04/25/2023","2.3780","2.4780","2.4870","2.3580","-4.54%"
"04/24/2023","2.4910","2.4770","2.5040","2.4380","0.38%"
"04/23/2023","2.4815","2.4815","2.4815","2.4815","-0.14%"
"04/21/2023","2.4850","2.4430","2.4940","2.4200","1.68%"
"04/20/2023","2.4440","2.4990","2.5120","2.4430","-2.44%"
"04/19/2023","2.5050","2.4770","2.5400","2.4770","1.42%"
"04/18/2023","2.4700","2.4800","2.5020","2.4400","-0.44%"
"04/17/2023","2.4810","2.4350","2.4950","2.4190","1.99%"
"04/16/2023","2.4325","2.4325","2.4325","2.4325","-0.02%"
"04/14/2023","2.4330","2.3820","2.4340","2.3550","2.61%"
"04/13/2023","2.3710","2.3680","2.3950","2.3300","0.47%"
"04/12/2023","2.3600","2.3090","2.3980","2.2540","2.48%"
"04/11/2023","2.3030","2.2580","2.3150","2.2250","5.28%"
"04/10/2023","2.1875","2.1875","2.1875","2.1875","0.62%"
"04/07/2023","2.1740","2.1880","2.1880","2.1740","-0.32%"
"04/06/2023","2.1810","2.1940","2.2080","2.1220","0.05%"
"04/05/2023","2.1800","2.2650","2.3030","2.1640","-3.80%"
"04/04/2023","2.2660","2.2590","2.3390","2.2540","0.94%"
"04/03/2023","2.2450","2.3160","2.3650","2.2340","-1.77%"
"04/02/2023","2.2855","2.2855","2.2855","2.2855","-0.67%"
"03/31/2023","2.3010","2.3480","2.4030","2.3000","-2.83%"
"03/30/2023","2.3680","2.2930","2.3960","2.2280","2.64%"
"03/29/2023","2.3070","2.3240","2.3360","2.2680","1.01%"
"03/28/2023","2.2840","2.2580","2.3270","2.2360","2.56%"
"03/27/2023","2.2270","2.1260","2.2760","2.1260","4.90%"
"03/26/2023","2.1230","2.1230","2.1230","2.1230","0.05%"
"03/24/2023","2.1220","2.1590","2.1870","1.9940","-3.11%"
"03/23/2023","2.1900","2.2740","2.3000","2.1730","-5.97%"
"03/22/2023","2.3290","2.2770","2.3900","2.2770","2.24%"
"03/21/2023","2.2780","2.1270","2.2860","2.0960","8.37%"
"03/20/2023","2.1020","1.9760","2.1300","1.9230","0.17%"
"03/19/2023","2.0985","2.0985","2.0985","2.0985","-1.53%"
"03/17/2023","2.1310","2.2730","2.2810","2.0690","-5.08%"
"03/16/2023","2.2450","2.2560","2.2920","2.1170","6.10%"
"03/15/2023","2.1160","2.4340","2.5030","2.1120","-13.84%"
"03/14/2023","2.4560","2.2520","2.4610","2.1870","7.96%"
"03/13/2023","2.2750","2.4510","2.4820","2.1680","-8.87%"
"03/12/2023","2.4965","2.4965","2.4965","2.4965","-0.06%"
"03/10/2023","2.4980","2.5240","2.5560","2.4290","-5.31%"
"03/09/2023","2.6380","2.6610","2.7020","2.6290","-0.23%"
"03/08/2023","2.6440","2.7060","2.7280","2.6220","-1.78%"
"03/07/2023","2.6920","2.7320","2.7410","2.6430","-1.28%"
"03/06/2023","2.7270","2.6710","2.7350","2.6370","0.22%"
"03/05/2023","2.7210","2.7210","2.7210","2.7210","0.26%"
"03/03/2023","2.7140","2.7380","2.7550","2.6970","-1.27%"
"03/02/2023","2.7490","2.7280","2.7700","2.7020","1.14%"
"03/01/2023","2.7180","2.6880","2.7280","2.6620","2.84%"
"02/28/2023","2.6430","2.5810","2.7100","2.5800","2.16%"
"02/27/2023","2.5870","2.5360","2.5910","2.5130","2.41%"
"02/26/2023","2.5260","2.5260","2.5260","2.5260","-0.16%"
"02/24/2023","2.5300","2.4490","2.5680","2.4300","2.43%"
"02/23/2023","2.4700","2.5320","2.5570","2.4700","-1.71%"
"02/22/2023","2.5130","2.5480","2.5700","2.5030","-0.91%"
"02/21/2023","2.5360","2.4660","2.5580","2.4550","3.05%"
"02/20/2023","2.4610","2.4440","2.4620","2.4240","0.63%"
"02/19/2023","2.4455","2.4455","2.4455","2.4455","0.58%"
"02/18/2023","2.4315","2.4315","2.4315","2.4315","-1.04%"
"02/17/2023","2.4570","2.5150","2.5650","2.4410","-0.77%"
"02/16/2023","2.4760","2.4650","2.5170","2.4440","-0.16%"
"02/15/2023","2.4800","2.4240","2.4830","2.3990","1.39%"
"02/14/2023","2.4460","2.3500","2.4470","2.3190","2.99%"
"02/13/2023","2.3750","2.3490","2.3960","2.3400","0.49%"
"02/12/2023","2.3635","2.3635","2.3635","2.3635","-0.15%"
"02/10/2023","2.3670","2.3410","2.3770","2.3150","2.65%"
"02/09/2023","2.3060","2.3300","2.3340","2.2560","-2.49%"
"02/08/2023","2.3650","2.3460","2.3960","2.3380","2.29%"
"02/07/2023","2.3120","2.2820","2.3340","2.2780","1.23%"
"02/06/2023","2.2840","2.1950","2.2970","2.1950","4.70%"
"02/05/2023","2.1815","2.1815","2.1815","2.1815","-0.66%"
"02/03/2023","2.1960","2.0810","2.2160","2.0670","6.60%"
"02/02/2023","2.0600","2.2700","2.2720","2.0420","-10.28%"
"02/01/2023","2.2960","2.2710","2.3030","2.2440","0.70%"
"01/31/2023","2.2800","2.3070","2.3160","2.2520","-1.26%"
"01/30/2023","2.3090","2.2070","2.3250","2.2000","3.17%"
"01/29/2023","2.2380","2.2380","2.2380","2.2380","-0.09%"
"01/27/2023","2.2400","2.2330","2.2830","2.2270","1.13%"
"01/26/2023","2.2150","2.1550","2.2160","2.1440","2.55%"
"01/25/2023","2.1600","2.1610","2.1730","2.0790","0.05%"
"01/24/2023","2.1590","2.2000","2.2240","2.1540","-1.82%"
"01/23/2023","2.1990","2.1710","2.2140","2.1540","1.24%"
"01/22/2023","2.1720","2.1720","2.1720","2.1720","0.14%"
"01/20/2023","2.1690","2.0750","2.1730","2.0600","5.80%"
"01/19/2023","2.0500","2.0220","2.0910","1.9800","1.94%"
"01/18/2023","2.0110","2.0710","2.1020","1.9670","-3.55%"
"01/17/2023","2.0850","2.1910","2.2080","2.0650","-4.05%"
"01/16/2023","2.1730","2.1720","2.2150","2.1500","0.49%"
"01/15/2023","2.1625","2.1625","2.1625","2.1625","0.91%"
"01/13/2023","2.1430","2.1000","2.1430","2.0970","0.52%"
"01/12/2023","2.1320","2.1600","2.1820","2.0630","-2.38%"
"01/11/2023","2.1840","2.2660","2.2730","2.1740","-5.08%"
"01/10/2023","2.3010","2.2500","2.3100","2.2450","3.74%"
"01/09/2023","2.2180","2.2100","2.2800","2.2100","0.36%"
"01/06/2023","2.2100","2.2980","2.3270","2.1920","-4.20%"
"01/05/2023","2.3070","2.2810","2.3470","2.2720","1.72%"
"01/04/2023","2.2680","2.3620","2.3930","2.2640","-4.55%"
"01/03/2023","2.3760","2.4480","2.4960","2.3430","-2.74%"
"01/02/2023","2.4430","2.5500","2.5690","2.4260","-4.74%"
"12/31/2022","2.5645","2.5650","2.5650","2.5645","0.06%"
"12/30/2022","2.5630","2.4690","2.5690","2.4530","4.06%"
"12/29/2022","2.4630","2.4970","2.5200","2.4600","-1.79%"
"12/28/2022","2.5080","2.5150","2.5260","2.4560","-0.32%"
"12/27/2022","2.5160","2.4180","2.5300","2.4170","5.34%"
"12/26/2022","2.3885","2.3855","2.3890","2.3855","-0.10%"
"12/23/2022","2.3910","2.3610","2.4130","2.3510","1.01%"
"12/22/2022","2.3670","2.3020","2.3810","2.2780","2.78%"
"12/21/2022","2.3030","2.3030","2.3180","2.2670","0.09%"
"12/20/2022","2.3010","2.2240","2.3080","2.2130","4.54%"
"12/19/2022","2.2010","2.1680","2.2220","2.1490","2.56%"
"12/18/2022","2.1460","2.1460","2.1460","2.1460","-0.60%"
"12/16/2022","2.1590","2.1030","2.2080","2.0960","3.20%"
"12/15/2022","2.0920","1.9570","2.1180","1.9090","7.95%"
"12/14/2022","1.9380","1.9060","1.9950","1.8850","1.57%"
"12/13/2022","1.9080","1.9510","1.9860","1.8490","-1.40%"
"12/12/2022","1.9350","1.9320","1.9500","1.8790","0.36%"
"12/10/2022","1.9280","1.9280","1.9280","1.9280","0.26%"
"12/09/2022","1.9230","1.8190","1.9410","1.8190","5.66%"
"12/08/2022","1.8200","1.7860","1.8390","1.7630","2.08%"
"12/07/2022","1.7830","1.7830","1.8340","1.7530","-0.72%"
"12/06/2022","1.7960","1.8910","1.9160","1.7940","-4.67%"
"12/05/2022","1.8840","1.8580","1.9010","1.8170","1.56%"
"12/02/2022","1.8550","1.8260","1.8720","1.7600","1.76%"
"12/01/2022","1.8230","1.8630","1.8730","1.7950","-6.22%"
"11/30/2022","1.9440","1.9180","1.9730","1.9150","1.62%"
"11/29/2022","1.9130","1.9560","1.9740","1.8760","-3.97%"
"11/28/2022","1.9920","1.9810","2.0300","1.9120","1.17%"
"11/25/2022","1.9690","1.8670","1.9850","1.8540","6.61%"
"11/24/2022","1.8470","1.9080","1.9120","1.8020","-3.90%"
"11/23/2022","1.9220","1.9850","2.0300","1.9080","-3.03%"
"11/22/2022","1.9820","1.9970","2.0280","1.9690","0.25%"
"11/21/2022","1.9770","2.0060","2.0590","1.9530","-1.64%"
"11/19/2022","2.0100","2.0100","2.0100","2.0100","-0.40%"
"11/18/2022","2.0180","2.0190","2.0980","1.9900","-0.59%"
"11/17/2022","2.0300","1.9980","2.0500","1.9490","1.45%"
"11/16/2022","2.0010","2.1090","2.1370","1.9870","-4.62%"
"11/15/2022","2.0980","2.1450","2.1620","2.0530","-2.83%"
"11/14/2022","2.1590","2.1660","2.1740","2.0980","0.05%"
"11/11/2022","2.1580","2.0030","2.1620","2.0030","7.74%"
"11/10/2022","2.0030","2.1570","2.2000","1.9790","-7.99%"
"11/09/2022","2.1770","2.2700","2.2800","2.1710","-4.18%"
"11/08/2022","2.2720","2.3430","2.3780","2.2520","-2.28%"
"11/07/2022","2.3250","2.2950","2.3500","2.2610","1.57%"
"11/04/2022","2.2890","2.2410","2.3160","2.2000","1.69%"
"11/03/2022","2.2510","2.1430","2.2970","2.1430","5.43%"
"11/02/2022","2.1350","2.1360","2.1550","2.1070","0.52%"
"11/01/2022","2.1240","2.1080","2.1510","2.0270","-1.21%"
"10/31/2022","2.1500","2.0980","2.1680","2.0950","3.07%"
"10/28/2022","2.0860","1.9630","2.1600","1.9630","5.46%"
"10/27/2022","1.9780","2.1480","2.2060","1.9780","-6.48%"
"10/26/2022","2.1150","2.1680","2.2190","2.1150","-2.53%"
"10/25/2022","2.1700","2.2790","2.2910","2.1660","-7.42%"
"10/24/2022","2.3440","2.3500","2.4280","2.2990","-3.82%"
"10/21/2022","2.4370","2.4940","2.5320","2.4140","1.80%"
"10/20/2022","2.3940","2.3750","2.4580","2.3560","1.06%"
"10/19/2022","2.3690","2.2850","2.3810","2.2780","3.99%"
"10/18/2022","2.2780","2.2730","2.3600","2.2170","0.31%"
"10/17/2022","2.2710","2.3440","2.3440","2.2120","-3.81%"
"10/14/2022","2.3610","2.2860","2.3640","2.1370","2.65%"
"10/13/2022","2.3000","2.3280","2.4200","2.2220","-1.96%"
"10/12/2022","2.3460","2.3390","2.4230","2.3010","1.65%"
"10/11/2022","2.3080","2.3290","2.3800","2.2790","-0.82%"
"10/10/2022","2.3270","2.1860","2.3530","2.1360","5.92%"
"10/07/2022","2.1970","2.0860","2.2200","2.0860","5.32%"
"10/06/2022","2.0860","2.0170","2.1180","2.0040","3.42%"
"10/05/2022","2.0170","1.8710","2.0420","1.8640","7.17%"
"10/04/2022","1.8820","1.9140","1.9240","1.7690","-0.63%"
"10/03/2022","1.8940","2.1140","2.1550","1.8840","-10.19%"
"09/30/2022","2.1090","2.2060","2.2090","2.0610","-4.48%"
"09/29/2022","2.2080","2.2330","2.2970","2.1770","2.46%"
"09/28/2022","2.1550","2.2310","2.3520","2.1300","-4.31%"
"09/27/2022","2.2520","2.1420","2.2550","2.0400","7.65%"
"09/26/2022","2.0920","2.0240","2.1320","2.0240","3.00%"
"09/23/2022","2.0310","1.9660","2.1150","1.9090","2.68%"
"09/22/2022","1.9780","1.8880","1.9960","1.8300","4.55%"
"09/21/2022","1.8920","1.9280","1.9280","1.8390","-2.42%"
"09/20/2022","1.9390","1.8040","1.9540","1.8040","8.26%"
"09/19/2022","1.7910","1.7560","1.8180","1.7440","1.47%"
"09/16/2022","1.7650","1.7660","1.8170","1.7470","1.38%"
"09/15/2022","1.7410","1.7160","1.7680","1.7040","2.53%"
"09/14/2022","1.6980","1.7310","1.7790","1.6830","-1.51%"
"09/13/2022","1.7240","1.6550","1.7560","1.6420","4.80%"
"09/12/2022","1.6450","1.6970","1.7550","1.6360","-3.24%"
"09/09/2022","1.7000","1.7410","1.7960","1.6390","-0.70%"
"09/08/2022","1.7120","1.5760","1.7160","1.5430","8.70%"
"09/07/2022","1.5750","1.6450","1.6450","1.5460","-1.87%"
"09/06/2022","1.6050","1.5620","1.6400","1.4850","2.49%"
"09/05/2022","1.5660","1.5220","1.5910","1.4780","3.03%"
"09/02/2022","1.5200","1.5630","1.6090","1.4740","-3.25%"
"09/01/2022","1.5710","1.5400","1.6340","1.5400","2.28%"
"08/31/2022","1.5360","1.4950","1.5840","1.4620","1.72%"
"08/30/2022","1.5100","1.5090","1.5440","1.4380","0.33%"
"08/29/2022","1.5050","1.4950","1.5480","1.4630","7.65%"
"08/26/2022","1.3980","1.3160","1.4350","1.3110","5.19%"
"08/25/2022","1.3290","1.3630","1.3900","1.3170","-2.49%"
"08/24/2022","1.3630","1.3310","1.3900","1.3110","3.18%"
"08/23/2022","1.3210","1.3010","1.3750","1.2490","1.54%"
"08/22/2022","1.3010","1.2250","1.3110","1.1810","5.43%"
"08/19/2022","1.2340","1.1020","1.2420","1.1000","12.39%"
"08/18/2022","1.0980","1.0910","1.1500","1.0660","1.86%"
"08/17/2022","1.0780","0.9670","1.1100","0.9670","10.11%"
"08/16/2022","0.9790","0.8970","1.0050","0.8970","8.42%"
"08/15/2022","0.9030","0.9870","1.0170","0.8860","-8.79%"
"08/12/2022","0.9900","0.9790","1.0250","0.9540","2.38%"
"08/11/2022","0.9670","0.8900","0.9900","0.8520","9.14%"
"08/10/2022","0.8860","0.9180","0.9450","0.8370","-4.01%"
"08/09/2022","0.9230","0.8900","0.9640","0.8710","2.90%"
"08/08/2022","0.8970","0.9260","0.9400","0.8650","-6.66%"
"08/05/2022","0.9610","0.8090","0.9640","0.7880","18.79%"
"08/04/2022","0.8090","0.8690","0.8960","0.7880","-7.44%"
"08/03/2022","0.8740","0.8260","0.9140","0.7850","11.76%"
"08/02/2022","0.7820","0.7800","0.8020","0.6780","2.76%"
"08/01/2022","0.7610","0.8180","0.8850","0.7580","-7.76%"
"07/29/2022","0.8250","0.8280","0.9180","0.8030","3.00%"
"07/28/2022","0.8010","0.9440","1.0030","0.7970","-14.61%"
"07/27/2022","0.9380","0.9460","0.9760","0.9200","1.08%"
"07/26/2022","0.9280","1.0180","1.0330","0.9100","-9.90%"
"07/25/2022","1.0300","1.0310","1.0880","1.0140","0.68%"
"07/22/2022","1.0230","1.2230","1.2250","0.9880","-16.15%"
"07/21/2022","1.2200","1.2410","1.3690","1.1950","-3.17%"
"07/20/2022","1.2600","1.2780","1.2950","1.1860","-1.41%"
"07/19/2022","1.2780","1.1920","1.3080","1.1640","5.27%"
"07/18/2022","1.2140","1.1280","1.2430","1.1150","7.62%"
"07/15/2022","1.1280","1.1290","1.1760","1.0710","-4.33%"
"07/14/2022","1.1790","1.1490","1.2600","1.1300","2.97%"
"07/13/2022","1.1450","1.1310","1.2240","1.1250","0.97%"
"07/12/2022","1.1340","1.2460","1.2500","1.0940","-9.28%"
"07/11/2022","1.2500","1.3270","1.3280","1.2190","-7.13%"
"07/08/2022","1.3460","1.2870","1.3500","1.2480","4.26%"
"07/07/2022","1.2910","1.2320","1.3210","1.2330","11.49%"
"07/06/2022","1.1580","1.1920","1.2420","1.0720","-2.44%"
"07/05/2022","1.1870","1.3380","1.3540","1.1770","-11.22%"
"07/04/2022","1.3370","1.2320","1.3520","1.2320","9.05%"
"07/01/2022","1.2260","1.3410","1.4100","1.1630","-10.38%"
"06/30/2022","1.3680","1.5300","1.5300","1.3480","-9.04%"
"06/29/2022","1.5040","1.6290","1.6420","1.4980","-8.01%"
"06/28/2022","1.6350","1.5490","1.6730","1.5350","5.89%"
"06/27/2022","1.5440","1.4400","1.5720","1.4400","7.41%"
"06/25/2022","1.4375","1.4375","1.4375","1.4375","-0.17%"
"06/24/2022","1.4400","1.4420","1.5080","1.3540","0.91%"
"06/23/2022","1.4270","1.6300","1.6610","1.3900","-11.91%"
"06/22/2022","1.6200","1.7700","1.7700","1.5880","-8.06%"
"06/21/2022","1.7620","1.7440","1.7970","1.7120","1.09%"
"06/20/2022","1.7430","1.6580","1.7430","1.6190","4.43%"
"06/17/2022","1.6690","1.7120","1.7870","1.6160","-2.00%"
"06/16/2022","1.7030","1.6410","1.9260","1.6080","3.09%"
"06/15/2022","1.6520","1.7600","1.7730","1.5850","-5.65%"
"06/14/2022","1.7510","1.6340","1.7510","1.5920","7.62%"
"06/13/2022","1.6270","1.4830","1.6370","1.4780","8.32%"
"06/10/2022","1.5020","1.4370","1.5030","1.3840","4.67%"
"06/09/2022","1.4350","1.3570","1.4700","1.3340","5.90%"
"06/08/2022","1.3550","1.3130","1.3680","1.2990","5.28%"
"06/07/2022","1.2870","1.3390","1.3430","1.2750","-2.65%"
"06/06/2022","1.3220","1.2530","1.3340","1.2480","4.09%"
"06/03/2022","1.2700","1.2360","1.2890","1.2250","2.83%"
"06/02/2022","1.2350","1.1830","1.2480","1.1730","4.57%"
"06/01/2022","1.1810","1.1190","1.1840","1.1050","4.79%"
"05/31/2022","1.1270","1.0550","1.1480","1.0270","7.95%"
"05/30/2022","1.0440","1.0060","1.0720","0.9970","8.41%"
"05/27/2022","0.9630","0.9960","1.0040","0.9320","-3.60%"
"05/26/2022","0.9990","0.9500","1.0100","0.8870","4.61%"
"05/25/2022","0.9550","0.9720","0.9790","0.9080","0.10%"
"05/24/2022","0.9540","1.0190","1.0330","0.9400","-6.47%"
"05/23/2022","1.0200","0.9670","1.0240","0.9300","8.28%"
"05/20/2022","0.9420","0.9810","1.0010","0.9330","0.21%"
"05/19/2022","0.9400","1.0330","1.0440","0.9000","-7.11%"
"05/18/2022","1.0120","1.0510","1.0950","1.0080","-4.17%"
"05/17/2022","1.0560","0.9400","1.0630","0.9360","12.70%"
"05/16/2022","0.9370","0.9450","1.0140","0.9260","-0.16%"
"05/14/2022","0.9385","0.9385","0.9385","0.9385","-0.90%"
"05/13/2022","0.9470","0.8900","0.9630","0.8740","8.98%"
"05/12/2022","0.8690","0.9270","0.9310","0.8460","-13.45%"
"05/11/2022","1.0040","1.0310","1.0920","0.9590","0.10%"
"05/10/2022","1.0030","1.0910","1.1140","0.9880","-7.81%"
"05/09/2022","1.0880","1.1350","1.1890","1.0860","-4.31%"
"05/06/2022","1.1370","1.0370","1.1600","1.0150","8.49%"
"05/05/2022","1.0480","0.9720","1.0490","0.9090","7.16%"
"05/04/2022","0.9780","1.0240","1.0360","0.9690","2.52%"
"05/03/2022","0.9540","0.9560","1.0160","0.9100","-0.93%"
"05/02/2022","0.9630","0.9420","0.9740","0.9040","2.99%"
"04/29/2022","0.9350","0.9010","0.9560","0.8660","4.47%"
"04/28/2022","0.8950","0.8040","0.9150","0.7700","10.49%"
"04/27/2022","0.8100","0.8290","0.8530","0.7790","1.00%"
"04/26/2022","0.8020","0.8820","0.8910","0.7890","-5.42%"
"04/25/2022","0.8480","0.9740","0.9740","0.8410","-11.94%"
"04/22/2022","0.9630","0.9450","0.9730","0.9180","4.11%"
"04/21/2022","0.9250","0.8570","0.9390","0.8570","7.31%"
"04/20/2022","0.8620","0.9220","0.9440","0.8350","-6.10%"
"04/19/2022","0.9180","0.8400","0.9610","0.8400","9.35%"
"04/18/2022","0.8395","0.8425","0.8425","0.8395","0.00%"
"04/15/2022","0.8395","0.8425","0.8425","0.8395","0.06%"
"04/14/2022","0.8390","0.7720","0.8470","0.7510","8.26%"
"04/13/2022","0.7750","0.7980","0.8610","0.7580","-1.90%"
"04/12/2022","0.7900","0.8250","0.8790","0.7670","-2.83%"
"04/11/2022","0.8130","0.7070","0.8220","0.7070","14.51%"
"04/08/2022","0.7100","0.6750","0.7280","0.6550","4.41%"
"04/07/2022","0.6800","0.6510","0.7220","0.6130","4.94%"
"04/06/2022","0.6480","0.6350","0.6840","0.6190","6.23%"
"04/05/2022","0.6100","0.5290","0.6280","0.5160","17.99%"
"04/04/2022","0.5170","0.5810","0.5860","0.4730","-8.66%"
"04/01/2022","0.5660","0.5800","0.6260","0.5580","3.47%"
"03/31/2022","0.5470","0.6650","0.6710","0.5250","-16.87%"
"03/30/2022","0.6580","0.6240","0.7200","0.6130","2.65%"
"03/29/2022","0.6410","0.6050","0.7410","0.5950","10.14%"
"03/28/2022","0.5820","0.6070","0.6310","0.5560","2.11%"
"03/25/2022","0.5700","0.5250","0.5860","0.4930","8.37%"
"03/24/2022","0.5260","0.4660","0.5550","0.4440","9.81%"
"03/23/2022","0.4790","0.5160","0.5230","0.4640","-5.15%"
"03/22/2022","0.5050","0.4780","0.5300","0.4670","10.02%"
"03/21/2022","0.4590","0.3720","0.4650","0.3720","25.07%"
"03/18/2022","0.3670","0.3990","0.4080","0.3370","-5.41%"
"03/17/2022","0.3880","0.4000","0.4100","0.3520","-1.27%"
"03/16/2022","0.3930","0.3310","0.4030","0.3310","18.73%"
"03/15/2022","0.3310","0.3690","0.3700","0.3150","-11.26%"
"03/14/2022","0.3730","0.2720","0.3790","0.2650","38.15%"
"03/11/2022","0.2700","0.2720","0.3160","0.2470","0.00%"
"03/10/2022","0.2700","0.2090","0.3040","0.1510","41.36%"
"03/09/2022","0.1910","0.1120","0.2150","0.0900","78.50%"
"03/08/2022","0.1070","-0.0240","0.1380","-0.0380","-923.08%"
"03/07/2022","-0.0130","-0.0680","0.0001","-0.1010","-87.13%"
"03/04/2022","-0.1010","0.0110","0.0170","-0.1090","-559.09%"
"03/03/2022","0.0220","0.0140","0.0770","-0.0020","120.00%"
"03/02/2022","0.0100","-0.0680","0.0230","-0.0800","-114.49%"
"03/01/2022","-0.0690","0.1320","0.1430","-0.0720","-143.40%"
"02/28/2022","0.1590","0.1670","0.2130","0.1530","-29.02%"
"02/25/2022","0.2240","0.1700","0.2350","0.1450","30.99%"
"02/24/2022","0.1710","0.2230","0.2230","0.1110","-24.00%"
"02/23/2022","0.2250","0.2330","0.2660","0.2160","-7.41%"
"02/22/2022","0.2430","0.1460","0.2800","0.1460","21.50%"
"02/21/2022","0.2000","0.2010","0.2370","0.1740","-2.44%"
"02/18/2022","0.2050","0.2320","0.2480","0.1960","-12.02%"
"02/17/2022","0.2330","0.2540","0.2790","0.2260","-14.34%"
"02/16/2022","0.2720","0.3140","0.3310","0.2590","-12.54%"
"02/15/2022","0.3110","0.2580","0.3260","0.2520","13.92%"
"02/14/2022","0.2730","0.2400","0.2740","0.1900","-6.51%"
"02/11/2022","0.2920","0.2990","0.3010","0.2490","0.00%"
"02/10/2022","0.2920","0.2300","0.2950","0.2120","32.73%"
"02/09/2022","0.2200","0.2650","0.2670","0.2090","-16.67%"
"02/08/2022","0.2640","0.2430","0.2750","0.2030","17.86%"
"02/07/2022","0.2240","0.1870","0.2500","0.1830","7.69%"
"02/04/2022","0.2080","0.1420","0.2290","0.1410","34.19%"
"02/03/2022","0.1550","0.0350","0.1590","0.0320","342.86%"
"02/02/2022","0.0350","0.0290","0.0580","0.0090","-5.41%"
"02/01/2022","0.0370","0.0110","0.0440","-0.0150","164.29%"
"01/31/2022","0.0140","-0.0320","0.0320","-0.0400","-129.79%"
"01/28/2022","-0.0470","-0.0490","-0.0080","-0.0570","-17.54%"
"01/27/2022","-0.0570","-0.0600","-0.0230","-0.0600","-19.72%"
"01/26/2022","-0.0710","-0.0780","-0.0620","-0.0820","-12.35%"
"01/25/2022","-0.0810","-0.1070","-0.0660","-0.1070","-17.35%"
"01/24/2022","-0.0980","-0.0650","-0.0600","-0.1100","46.27%"
"01/22/2022","-0.0670","-0.0670","-0.0670","-0.0670","11.67%"
"01/21/2022","-0.0600","-0.0340","-0.0340","-0.0870","122.22%"
"01/20/2022","-0.0270","0.0030","0.0080","-0.0410","200.00%"
"01/19/2022","-0.0090","0.0040","0.0250","-0.0130","-50.00%"
"01/18/2022","-0.0180","-0.0160","-0.0020","-0.0310","-30.77%"
"01/17/2022","-0.0260","-0.0460","-0.0200","-0.0460","-46.94%"
"01/14/2022","-0.0490","-0.0880","-0.0470","-0.1050","-43.02%"
"01/13/2022","-0.0860","-0.0470","-0.0340","-0.0990","50.88%"
"01/12/2022","-0.0570","-0.0380","-0.0260","-0.0770","78.12%"
"01/11/2022","-0.0320","-0.0400","-0.0140","-0.0550","-11.11%"
"01/10/2022","-0.0360","-0.0380","-0.0250","-0.0560","24.14%"
"01/07/2022","-0.0290","-0.0570","-0.0290","-0.0670","-57.35%"
"01/06/2022","-0.0680","-0.0650","-0.0310","-0.0720","-45.16%"
"01/05/2022","-0.1240","-0.1220","-0.1140","-0.1380","-3.13%"
"01/04/2022","-0.1280","-0.1200","-0.1160","-0.1550","3.23%"
"01/03/2022","-0.1240","-0.1770","-0.1230","-0.1850","-30.73%"
"12/31/2021","-0.1790","-0.1790","-0.1790","-0.1790","1.70%"
"12/30/2021","-0.1760","-0.1800","-0.1710","-0.2050","-2.22%"
"12/29/2021","-0.1800","-0.2400","-0.1790","-0.2440","-24.69%"
"12/28/2021","-0.2390","-0.2410","-0.2210","-0.2490","-2.05%"
"12/27/2021","-0.2440","-0.2540","-0.2220","-0.2570","-2.79%"
"12/24/2021","-0.2510","-0.2510","-0.2510","-0.2510","-0.40%"
"12/23/2021","-0.2520","-0.2850","-0.2350","-0.2930","-13.99%"
"12/22/2021","-0.2930","-0.3100","-0.2680","-0.3140","-3.30%"
"12/21/2021","-0.3030","-0.3690","-0.2990","-0.3730","-17.21%"
"12/20/2021","-0.3660","-0.3780","-0.3520","-0.4020","-2.40%"
"12/17/2021","-0.3750","-0.3510","-0.3470","-0.3860","8.38%"
"12/16/2021","-0.3460","-0.3620","-0.3090","-0.3710","-4.42%"
"12/15/2021","-0.3620","-0.3680","-0.3430","-0.3770","-0.28%"
"12/14/2021","-0.3630","-0.3800","-0.3500","-0.3840","-4.47%"
"12/13/2021","-0.3800","-0.3450","-0.3390","-0.3850","8.57%"
"12/10/2021","-0.3500","-0.3550","-0.3280","-0.3590","-0.28%"
"12/09/2021","-0.3510","-0.3170","-0.3130","-0.3640","13.59%"
"12/08/2021","-0.3090","-0.3720","-0.3060","-0.4090","-17.60%"
"12/07/2021","-0.3750","-0.3560","-0.3480","-0.3840","-3.10%"
"12/06/2021","-0.3870","-0.3900","-0.3660","-0.3940","2.38%"
"12/03/2021","-0.3780","-0.3730","-0.3510","-0.3870","1.34%"
"12/02/2021","-0.3730","-0.3460","-0.3330","-0.3940","12.69%"
"12/01/2021","-0.3310","-0.3490","-0.2990","-0.3500","-3.50%"
"11/30/2021","-0.3430","-0.3170","-0.3170","-0.3630","6.19%"
"11/29/2021","-0.3230","-0.3360","-0.2940","-0.3410","-5.42%"
"11/27/2021","-0.3415","-0.3415","-0.3415","-0.3415","1.04%"
"11/26/2021","-0.3380","-0.2490","-0.2490","-0.3430","37.40%"
"11/25/2021","-0.2460","-0.2260","-0.2190","-0.2500","12.33%"
"11/24/2021","-0.2190","-0.2500","-0.1990","-0.2500","-3.95%"
"11/23/2021","-0.2280","-0.2990","-0.2250","-0.2990","-22.97%"
"11/22/2021","-0.2960","-0.3420","-0.2950","-0.3560","-13.95%"
"11/20/2021","-0.3440","-0.3440","-0.3440","-0.3440","0.88%"
"11/19/2021","-0.3410","-0.2750","-0.2520","-0.3440","21.79%"
"11/18/2021","-0.2800","-0.2460","-0.2450","-0.2820","14.75%"
"11/17/2021","-0.2440","-0.2400","-0.2290","-0.2560","0.00%"
"11/16/2021","-0.2440","-0.2330","-0.2190","-0.2520","-0.41%"
"11/15/2021","-0.2450","-0.2630","-0.2370","-0.2900","-4.30%"
"11/12/2021","-0.2560","-0.2320","-0.2170","-0.2690","13.27%"
"11/11/2021","-0.2260","-0.2480","-0.2170","-0.2600","-8.87%"
"11/10/2021","-0.2480","-0.2970","-0.2430","-0.2980","-16.22%"
"11/09/2021","-0.2960","-0.2530","-0.2400","-0.2990","19.84%"
"11/08/2021","-0.2470","-0.2770","-0.2440","-0.2820","-11.79%"
"11/05/2021","-0.2800","-0.2200","-0.2160","-0.2850","24.44%"
"11/04/2021","-0.2250","-0.1650","-0.1560","-0.2310","34.73%"
"11/03/2021","-0.1670","-0.1620","-0.1500","-0.1940","4.37%"
"11/02/2021","-0.1600","-0.1040","-0.1040","-0.1710","55.34%"
"11/01/2021","-0.1030","-0.1100","-0.0650","-0.1190","-3.29%"
"10/30/2021","-0.1065","-0.1065","-0.1065","-0.1065","13.30%"
"10/29/2021","-0.0940","-0.1100","-0.0640","-0.1270","-37.33%"
"10/28/2021","-0.1500","-0.1770","-0.1000","-0.1820","-14.77%"
"10/27/2021","-0.1760","-0.1200","-0.1160","-0.1840","46.67%"
"10/26/2021","-0.1200","-0.1060","-0.1020","-0.1410","7.14%"
"10/25/2021","-0.1120","-0.1090","-0.0780","-0.1210","8.21%"
"10/23/2021","-0.1035","-0.1035","-0.1035","-0.1035","6.70%"
"10/22/2021","-0.0970","-0.0900","-0.0690","-0.1070","0.00%"
"10/21/2021","-0.0970","-0.1170","-0.0850","-0.1290","-21.14%"
"10/20/2021","-0.1230","-0.0940","-0.0920","-0.1340","7.89%"
"10/19/2021","-0.1140","-0.1470","-0.0960","-0.1730","-22.97%"
"10/18/2021","-0.1480","-0.1670","-0.1160","-0.1690","-13.45%"
"10/15/2021","-0.1710","-0.1830","-0.1460","-0.1900","-7.07%"
"10/14/2021","-0.1840","-0.1230","-0.1090","-0.1920","42.64%"
"10/13/2021","-0.1290","-0.0910","-0.0850","-0.1460","34.37%"
"10/12/2021","-0.0960","-0.1220","-0.0880","-0.1360","-19.33%"
"10/11/2021","-0.1190","-0.1470","-0.1080","-0.1470","-19.05%"
"10/08/2021","-0.1470","-0.1840","-0.1460","-0.1850","-21.39%"
"10/07/2021","-0.1870","-0.1700","-0.1660","-0.2080","2.75%"
"10/06/2021","-0.1820","-0.1590","-0.1470","-0.2010","-3.19%"
"10/05/2021","-0.1880","-0.2100","-0.1810","-0.2330","-13.36%"
"10/04/2021","-0.2170","-0.2240","-0.2010","-0.2360","-0.91%"
"10/01/2021","-0.2190","-0.1970","-0.1970","-0.2430","14.66%"
"09/30/2021","-0.1910","-0.2090","-0.1770","-0.2210","-10.33%"
"09/29/2021","-0.2130","-0.1880","-0.1830","-0.2270","7.58%"
"09/28/2021","-0.1980","-0.2010","-0.1720","-0.2110","-12.39%"
"09/27/2021","-0.2260","-0.2410","-0.1910","-0.2420","-1.09%"
"09/25/2021","-0.2285","-0.2290","-0.2285","-0.2290","0.22%"
"09/24/2021","-0.2280","-0.2440","-0.2180","-0.2490","-9.52%"
"09/23/2021","-0.2520","-0.3230","-0.2490","-0.3230","-22.70%"
"09/22/2021","-0.3260","-0.3130","-0.3040","-0.3320","-0.61%"
"09/21/2021","-0.3280","-0.3140","-0.2950","-0.3400","4.13%"
"09/20/2021","-0.3150","-0.2880","-0.2760","-0.3330","11.90%"
"09/18/2021","-0.2815","-0.2815","-0.2815","-0.2815","0.90%"
"09/17/2021","-0.2790","-0.2940","-0.2650","-0.3020","-8.52%"
"09/16/2021","-0.3050","-0.3090","-0.2830","-0.3160","-0.97%"
"09/15/2021","-0.3080","-0.3370","-0.3070","-0.3500","-9.41%"
"09/14/2021","-0.3400","-0.3260","-0.3010","-0.3530","3.66%"
"09/13/2021","-0.3280","-0.3330","-0.3200","-0.3460","-0.91%"
"09/12/2021","-0.3310","-0.3310","-0.3310","-0.3310","0.00%"
"09/11/2021","-0.3310","-0.3310","-0.3310","-0.3310","-0.30%"
"09/10/2021","-0.3320","-0.3640","-0.3310","-0.3700","-8.79%"
"09/09/2021","-0.3640","-0.3270","-0.3190","-0.3680","13.75%"
"09/08/2021","-0.3200","-0.3180","-0.3100","-0.3450","0.95%"
"09/07/2021","-0.3170","-0.3580","-0.3130","-0.3640","-13.86%"
"09/06/2021","-0.3680","-0.3640","-0.3470","-0.3770","2.79%"
"09/03/2021","-0.3580","-0.3840","-0.3470","-0.3980","-6.77%"
"09/02/2021","-0.3840","-0.3730","-0.3710","-0.4010","3.50%"
"09/01/2021","-0.3710","-0.3730","-0.3540","-0.3860","-2.37%"
"08/31/2021","-0.3800","-0.4330","-0.3760","-0.4420","-13.44%"
"08/30/2021","-0.4390","-0.4270","-0.4070","-0.4410","4.77%"
"08/27/2021","-0.4190","-0.4130","-0.4020","-0.4250","0.48%"
"08/26/2021","-0.4170","-0.4210","-0.4010","-0.4310","0.00%"
"08/25/2021","-0.4170","-0.4720","-0.4150","-0.4780","-12.58%"
"08/24/2021","-0.4770","-0.4710","-0.4640","-0.4890","-0.21%"
"08/23/2021","-0.4780","-0.4820","-0.4570","-0.4960","-3.43%"
"08/20/2021","-0.4950","-0.4890","-0.4850","-0.4990","1.23%"
"08/19/2021","-0.4890","-0.4920","-0.4750","-0.5020","1.45%"
"08/18/2021","-0.4820","-0.4700","-0.4690","-0.4900","3.21%"
"08/17/2021","-0.4670","-0.4740","-0.4650","-0.5010","0.21%"
"08/16/2021","-0.4660","-0.4670","-0.4520","-0.4890","0.65%"
"08/13/2021","-0.4630","-0.4550","-0.4400","-0.4720","0.43%"
"08/12/2021","-0.4610","-0.4610","-0.4430","-0.4680","0.22%"
"08/11/2021","-0.4600","-0.4530","-0.4350","-0.4650","1.32%"
"08/10/2021","-0.4540","-0.4630","-0.4470","-0.4820","-1.09%"
"08/09/2021","-0.4590","-0.4630","-0.4500","-0.4800","0.88%"
"08/06/2021","-0.4550","-0.4960","-0.4510","-0.4980","-7.71%"
"08/05/2021","-0.4930","-0.4920","-0.4890","-0.5240","0.00%"
"08/04/2021","-0.4930","-0.4850","-0.4750","-0.5170","2.49%"
"08/03/2021","-0.4810","-0.4760","-0.4640","-0.4930","0.00%"
"08/02/2021","-0.4810","-0.4590","-0.4440","-0.4810","5.02%"
"07/30/2021","-0.4580","-0.4600","-0.4400","-0.4610","1.55%"
"07/29/2021","-0.4510","-0.4490","-0.4240","-0.4650","0.89%"
"07/28/2021","-0.4470","-0.4430","-0.4360","-0.4560","1.36%"
"07/27/2021","-0.4410","-0.4210","-0.4150","-0.4440","6.52%"
"07/26/2021","-0.4140","-0.4240","-0.4000","-0.4490","0.24%"
"07/23/2021","-0.4130","-0.4260","-0.3960","-0.4260","-1.90%"
"07/22/2021","-0.4210","-0.4020","-0.3750","-0.4230","6.31%"
"07/21/2021","-0.3960","-0.4170","-0.3860","-0.4300","-3.41%"
"07/20/2021","-0.4100","-0.3920","-0.3850","-0.4400","5.94%"
"07/19/2021","-0.3870","-0.3510","-0.3510","-0.4020","10.26%"
"07/16/2021","-0.3510","-0.3340","-0.3320","-0.3540","6.04%"
"07/15/2021","-0.3310","-0.3280","-0.3190","-0.3420","6.09%"
"07/14/2021","-0.3120","-0.2930","-0.2730","-0.3180","4.35%"
"07/13/2021","-0.2990","-0.2940","-0.2880","-0.3140","-0.66%"
"07/12/2021","-0.3010","-0.2920","-0.2900","-0.3160","3.08%"
"07/09/2021","-0.2920","-0.3030","-0.2870","-0.3170","-6.71%"
"07/08/2021","-0.3130","-0.3090","-0.2980","-0.3440","8.30%"
"07/07/2021","-0.2890","-0.2660","-0.2590","-0.3130","7.43%"
"07/06/2021","-0.2690","-0.2100","-0.1980","-0.2730","29.33%"
"07/05/2021","-0.2080","-0.2350","-0.2070","-0.2350","-12.42%"
"07/04/2021","-0.2375","-0.2375","-0.2375","-0.2375","1.06%"
"07/02/2021","-0.2350","-0.2030","-0.1990","-0.2410","17.50%"
"07/01/2021","-0.2000","-0.1980","-0.1790","-0.2100","-1.48%"
"06/30/2021","-0.2030","-0.1690","-0.1670","-0.2140","17.34%"
"06/29/2021","-0.1730","-0.1900","-0.1600","-0.1900","-6.99%"
"06/28/2021","-0.1860","-0.1540","-0.1530","-0.1870","18.85%"
"06/26/2021","-0.1565","-0.1565","-0.1565","-0.1565","0.32%"
"06/25/2021","-0.1560","-0.1870","-0.1490","-0.1880","-16.13%"
"06/24/2021","-0.1860","-0.1800","-0.1590","-0.1920","3.91%"
"06/23/2021","-0.1790","-0.1630","-0.1530","-0.1950","11.18%"
"06/22/2021","-0.1610","-0.1690","-0.1460","-0.1800","-6.94%"
"06/21/2021","-0.1730","-0.2000","-0.1600","-0.2190","-14.36%"
"06/20/2021","-0.2020","-0.2020","-0.2020","-0.2020","0.00%"
"06/19/2021","-0.2020","-0.2020","-0.2020","-0.2020","-0.49%"
"06/18/2021","-0.2030","-0.1950","-0.1860","-0.2220","6.84%"
"06/17/2021","-0.1900","-0.2000","-0.1490","-0.2000","-22.76%"
"06/16/2021","-0.2460","-0.2310","-0.2300","-0.2490","6.96%"
"06/15/2021","-0.2300","-0.2540","-0.2280","-0.2640","-9.45%"
"06/14/2021","-0.2540","-0.2720","-0.2510","-0.2790","-5.58%"
"06/11/2021","-0.2690","-0.2570","-0.2550","-0.2870","8.91%"
"06/10/2021","-0.2470","-0.2420","-0.2130","-0.2570","0.00%"
"06/09/2021","-0.2470","-0.2220","-0.2190","-0.2680","10.76%"
"06/08/2021","-0.2230","-0.2000","-0.1950","-0.2340","13.20%"
"06/07/2021","-0.1970","-0.2090","-0.1930","-0.2140","-7.08%"
"06/05/2021","-0.2120","-0.2120","-0.2120","-0.2120","1.44%"
"06/04/2021","-0.2090","-0.1830","-0.1770","-0.2170","14.21%"
"06/03/2021","-0.1830","-0.1940","-0.1740","-0.2000","-6.63%"
"06/02/2021","-0.1960","-0.1770","-0.1770","-0.2000","12.00%"
"06/01/2021","-0.1750","-0.1770","-0.1620","-0.1970","-4.37%"
"05/31/2021","-0.1830","-0.1810","-0.1500","-0.1850","-0.54%"
"05/28/2021","-0.1840","-0.1700","-0.1530","-0.1920","6.98%"
"05/27/2021","-0.1720","-0.2060","-0.1630","-0.2120","-15.27%"
"05/26/2021","-0.2030","-0.1680","-0.1660","-0.2130","23.78%"
"05/25/2021","-0.1640","-0.1450","-0.1380","-0.1680","17.14%"
"05/24/2021","-0.1400","-0.1280","-0.1190","-0.1460","10.24%"
"05/21/2021","-0.1270","-0.1070","-0.1030","-0.1400","18.69%"
"05/20/2021","-0.1070","-0.1080","-0.0830","-0.1090","-2.73%"
"05/19/2021","-0.1100","-0.1090","-0.0740","-0.1270","0.00%"
"05/18/2021","-0.1100","-0.1080","-0.1020","-0.1320","-5.17%"
"05/17/2021","-0.1160","-0.1380","-0.1000","-0.1520","-5.69%"
"05/14/2021","-0.1230","-0.1250","-0.1080","-0.1370","8.85%"
"05/13/2021","-0.1130","-0.1170","-0.0960","-0.1300","-9.60%"
"05/12/2021","-0.1250","-0.1540","-0.1190","-0.1780","-21.87%"
"05/11/2021","-0.1600","-0.2090","-0.1520","-0.2110","-24.17%"
"05/10/2021","-0.2110","-0.2030","-0.1920","-0.2170","-3.65%"
"05/07/2021","-0.2190","-0.2270","-0.2090","-0.2590","-4.78%"
"05/06/2021","-0.2300","-0.2350","-0.2090","-0.2520","-0.43%"
"05/05/2021","-0.2310","-0.2360","-0.2100","-0.2380","-2.94%"
"05/04/2021","-0.2380","-0.2030","-0.1900","-0.2510","17.24%"
"05/03/2021","-0.2030","-0.2010","-0.1620","-0.2210","1.50%"
"04/30/2021","-0.2000","-0.1950","-0.1890","-0.2120","4.17%"
"04/29/2021","-0.1920","-0.2300","-0.1770","-0.2330","-16.88%"
"04/28/2021","-0.2310","-0.2380","-0.2030","-0.2440","-8.33%"
"04/27/2021","-0.2520","-0.2510","-0.2430","-0.2620","-1.18%"
"04/26/2021","-0.2550","-0.2500","-0.2310","-0.2640","-0.78%"
"04/23/2021","-0.2570","-0.2670","-0.2470","-0.2760","0.78%"
"04/22/2021","-0.2550","-0.2830","-0.2380","-0.2870","-1.54%"
"04/21/2021","-0.2590","-0.2600","-0.2430","-0.2770","0.78%"
"04/20/2021","-0.2570","-0.2170","-0.2150","-0.2590","8.90%"
"04/19/2021","-0.2360","-0.2690","-0.2160","-0.2760","-9.92%"
"04/16/2021","-0.2620","-0.2890","-0.2590","-0.2930","-10.58%"
"04/15/2021","-0.2930","-0.2580","-0.2490","-0.2950","11.41%"
"04/14/2021","-0.2630","-0.3100","-0.2600","-0.3120","-9.00%"
"04/13/2021","-0.2890","-0.2860","-0.2710","-0.3020","-1.37%"
"04/12/2021","-0.2930","-0.3010","-0.2880","-0.3300","-1.35%"
"04/09/2021","-0.2970","-0.3320","-0.2830","-0.3350","-11.08%"
"04/08/2021","-0.3340","-0.3170","-0.3170","-0.3470","5.03%"
"04/07/2021","-0.3180","-0.3170","-0.3140","-0.3430","0.95%"
"04/06/2021","-0.3150","-0.3220","-0.2940","-0.3330","-4.11%"
"04/05/2021","-0.3285","-0.3270","-0.3270","-0.3285","0.00%"
"04/02/2021","-0.3285","-0.3270","-0.3260","-0.3285","1.08%"
"04/01/2021","-0.3250","-0.2890","-0.2860","-0.3310","11.30%"
"03/31/2021","-0.2920","-0.2810","-0.2670","-0.3020","5.42%"
"03/30/2021","-0.2770","-0.2940","-0.2580","-0.3020","-13.44%"
"03/29/2021","-0.3200","-0.3530","-0.3150","-0.3700","-8.31%"
"03/26/2021","-0.3490","-0.3820","-0.3370","-0.3850","-9.35%"
"03/25/2021","-0.3850","-0.3520","-0.3520","-0.3900","8.15%"
"03/24/2021","-0.3560","-0.3580","-0.3390","-0.3750","4.09%"
"03/23/2021","-0.3420","-0.3190","-0.3110","-0.3570","10.32%"
"03/22/2021","-0.3100","-0.2940","-0.2940","-0.3330","5.44%"
"03/19/2021","-0.2940","-0.2870","-0.2780","-0.3100","10.94%"
"03/18/2021","-0.2650","-0.2970","-0.2490","-0.3020","-9.56%"
"03/17/2021","-0.2930","-0.3310","-0.2850","-0.3390","-13.57%"
"03/16/2021","-0.3390","-0.3420","-0.3280","-0.3510","0.59%"
"03/15/2021","-0.3370","-0.3060","-0.3000","-0.3460","14.24%"
"03/12/2021","-0.2950","-0.3180","-0.2910","-0.3240","-10.88%"
"03/11/2021","-0.3310","-0.3150","-0.3080","-0.3670","6.43%"
"03/10/2021","-0.3110","-0.3000","-0.2910","-0.3220","2.64%"
"03/09/2021","-0.3030","-0.2770","-0.2770","-0.3340","8.21%"
"03/08/2021","-0.2800","-0.3010","-0.2730","-0.3020","-7.89%"
"03/05/2021","-0.3040","-0.3120","-0.2730","-0.3130","-2.25%"
"03/04/2021","-0.3110","-0.2930","-0.2860","-0.3300","4.71%"
"03/03/2021","-0.2970","-0.3550","-0.2800","-0.3610","-14.66%"
"03/02/2021","-0.3480","-0.3350","-0.3060","-0.3520","4.50%"
"03/01/2021","-0.3330","-0.2960","-0.2790","-0.3460","29.57%"
"02/26/2021","-0.2570","-0.2210","-0.2030","-0.2870","13.22%"
"02/25/2021","-0.2270","-0.2950","-0.2140","-0.3040","-25.33%"
"02/24/2021","-0.3040","-0.3280","-0.2740","-0.3340","-4.70%"
"02/23/2021","-0.3190","-0.3370","-0.2870","-0.3390","-7.80%"
"02/22/2021","-0.3460","-0.2840","-0.2780","-0.3620","10.54%"
"02/19/2021","-0.3130","-0.3220","-0.3060","-0.3380","-8.48%"
"02/18/2021","-0.3420","-0.3660","-0.3230","-0.3720","-5.79%"
"02/17/2021","-0.3630","-0.3420","-0.3290","-0.3730","4.01%"
"02/16/2021","-0.3490","-0.3880","-0.3460","-0.3980","-9.11%"
"02/15/2021","-0.3840","-0.3960","-0.3760","-0.4020","-10.70%"
"02/12/2021","-0.4300","-0.4570","-0.4210","-0.4670","-6.11%"
"02/11/2021","-0.4580","-0.4350","-0.4350","-0.4740","4.57%"
"02/10/2021","-0.4380","-0.4420","-0.4270","-0.4590","-2.23%"
"02/09/2021","-0.4480","-0.4390","-0.4280","-0.4580","1.13%"
"02/08/2021","-0.4430","-0.4270","-0.4120","-0.4460","0.00%"
"02/05/2021","-0.4430","-0.4600","-0.4130","-0.4680","-2.85%"
"02/04/2021","-0.4560","-0.4630","-0.4420","-0.4740","-2.36%"
"02/03/2021","-0.4670","-0.4750","-0.4620","-0.4860","-4.30%"
"02/02/2021","-0.4880","-0.5070","-0.4770","-0.5160","-4.87%"
"02/01/2021","-0.5130","-0.5190","-0.4980","-0.5270","-1.35%"
"01/29/2021","-0.5200","-0.5360","-0.4920","-0.5400","-4.06%"
"01/28/2021","-0.5420","-0.5510","-0.5340","-0.5600","-1.28%"
"01/27/2021","-0.5490","-0.5300","-0.5230","-0.5670","3.39%"
"01/26/2021","-0.5310","-0.5560","-0.5250","-0.5610","-3.45%"
"01/25/2021","-0.5500","-0.5120","-0.5080","-0.5550","7.21%"
"01/22/2021","-0.5130","-0.4920","-0.4860","-0.5200","3.01%"
"01/21/2021","-0.4980","-0.5330","-0.4860","-0.5370","-5.86%"
"01/20/2021","-0.5290","-0.5220","-0.5170","-0.5330","0.38%"
"01/19/2021","-0.5270","-0.5190","-0.5080","-0.5290","0.38%"
"01/18/2021","-0.5250","-0.5450","-0.5150","-0.5520","-3.14%"
"01/15/2021","-0.5420","-0.5540","-0.5290","-0.5600","-1.09%"
"01/14/2021","-0.5480","-0.5250","-0.5210","-0.5620","4.58%"
"01/13/2021","-0.5240","-0.4850","-0.4810","-0.5270","11.73%"
"01/12/2021","-0.4690","-0.4880","-0.4590","-0.4960","-4.48%"
"01/11/2021","-0.4910","-0.5260","-0.4900","-0.5350","-5.03%"
"01/08/2021","-0.5170","-0.5120","-0.5100","-0.5330","-5.31%"
"01/07/2021","-0.5460","-0.5460","-0.5360","-0.5740","0.00%"
"01/06/2021","-0.5460","-0.5380","-0.5300","-0.5650","-6.51%"
"01/05/2021","-0.5840","-0.6010","-0.5760","-0.6070","-2.50%"
"01/04/2021","-0.5990","-0.5700","-0.5600","-0.6150","4.72%"
"01/01/2021","-0.5720","-0.5720","-0.5720","-0.5720","-0.52%"
"12/31/2020","-0.5750","-0.5750","-0.5680","-0.5750","0.88%"
"12/30/2020","-0.5700","-0.5760","-0.5450","-0.5820","-1.04%"
"12/29/2020","-0.5760","-0.5680","-0.5600","-0.5800","2.31%"
"12/28/2020","-0.5630","-0.5410","-0.5390","-0.5640","2.55%"
"12/24/2020","-0.5490","-0.5480","-0.5480","-0.5490","1.10%"
"12/23/2020","-0.5430","-0.5980","-0.5310","-0.6060","-8.12%"
"12/22/2020","-0.5910","-0.5860","-0.5670","-0.6000","1.72%"
"12/21/2020","-0.5810","-0.5990","-0.5760","-0.6200","1.57%"
"12/18/2020","-0.5720","-0.5810","-0.5450","-0.5830","-0.87%"
"12/17/2020","-0.5770","-0.5620","-0.5480","-0.5930","1.58%"
"12/16/2020","-0.5680","-0.6100","-0.5460","-0.6130","-6.89%"
"12/15/2020","-0.6100","-0.6180","-0.6020","-0.6300","-1.29%"
"12/14/2020","-0.6180","-0.6160","-0.5990","-0.6350","-3.13%"
"12/11/2020","-0.6380","-0.6060","-0.6010","-0.6430","5.98%"
"12/10/2020","-0.6020","-0.6130","-0.5790","-0.6310","-0.50%"
"12/09/2020","-0.6050","-0.5940","-0.5840","-0.6100","-1.31%"
"12/08/2020","-0.6130","-0.5800","-0.5760","-0.6170","4.79%"
"12/07/2020","-0.5850","-0.5560","-0.5470","-0.5870","7.73%"
"12/04/2020","-0.5430","-0.5570","-0.5350","-0.5660","-0.91%"
"12/03/2020","-0.5480","-0.5280","-0.5170","-0.5520","5.18%"
"12/02/2020","-0.5210","-0.5180","-0.5050","-0.5320","-0.57%"
"12/01/2020","-0.5240","-0.5720","-0.5160","-0.5820","-8.23%"
"11/30/2020","-0.5710","-0.5860","-0.5620","-0.6000","-2.39%"
"11/27/2020","-0.5850","-0.5880","-0.5730","-0.5950","-0.34%"
"11/26/2020","-0.5870","-0.5660","-0.5560","-0.5890","2.62%"
"11/25/2020","-0.5720","-0.5610","-0.5460","-0.5810","1.24%"
"11/24/2020","-0.5650","-0.5620","-0.5580","-0.5810","-2.25%"
"11/23/2020","-0.5780","-0.5900","-0.5620","-0.5920","-1.03%"
"11/21/2020","-0.5840","-0.5840","-0.5840","-0.5840","0.17%"
"11/20/2020","-0.5830","-0.5720","-0.5620","-0.5880","2.46%"
"11/19/2020","-0.5690","-0.5600","-0.5510","-0.5760","2.71%"
"11/18/2020","-0.5540","-0.5770","-0.5440","-0.5790","-1.25%"
"11/17/2020","-0.5610","-0.5440","-0.5350","-0.5660","2.94%"
"11/16/2020","-0.5450","-0.5540","-0.5090","-0.5690","-0.55%"
"11/13/2020","-0.5480","-0.5460","-0.5300","-0.5620","2.43%"
"11/12/2020","-0.5350","-0.5220","-0.4970","-0.5350","6.36%"
"11/11/2020","-0.5030","-0.4830","-0.4560","-0.5140","4.79%"
"11/10/2020","-0.4800","-0.5160","-0.4730","-0.5190","-5.51%"
"11/09/2020","-0.5080","-0.6190","-0.4960","-0.6440","-17.67%"
"11/06/2020","-0.6170","-0.6370","-0.6010","-0.6470","-2.68%"
"11/05/2020","-0.6340","-0.6460","-0.6170","-0.6580","-0.63%"
"11/04/2020","-0.6380","-0.6450","-0.6150","-0.6710","2.74%"
"11/03/2020","-0.6210","-0.6320","-0.6010","-0.6380","-2.66%"
"11/02/2020","-0.6380","-0.6260","-0.6070","-0.6390","2.08%"
"10/30/2020","-0.6250","-0.6390","-0.6060","-0.6390","-1.88%"
"10/29/2020","-0.6370","-0.6110","-0.6110","-0.6460","1.43%"
"10/28/2020","-0.6280","-0.6210","-0.6100","-0.6460","2.61%"
"10/27/2020","-0.6120","-0.5760","-0.5660","-0.6150","7.18%"
"10/26/2020","-0.5710","-0.5880","-0.5520","-0.5970","-0.17%"
"10/23/2020","-0.5720","-0.5710","-0.5450","-0.5840","0.70%"
"10/22/2020","-0.5680","-0.5860","-0.5560","-0.5980","-3.40%"
"10/21/2020","-0.5880","-0.5780","-0.5680","-0.6060","-2.49%"
"10/20/2020","-0.6030","-0.6270","-0.5900","-0.6330","-3.83%"
"10/19/2020","-0.6270","-0.6200","-0.6000","-0.6280","0.64%"
"10/16/2020","-0.6230","-0.6130","-0.6040","-0.6370","1.96%"
"10/15/2020","-0.6110","-0.5840","-0.5720","-0.6370","6.26%"
"10/14/2020","-0.5750","-0.5590","-0.5520","-0.5860","3.79%"
"10/13/2020","-0.5540","-0.5440","-0.5340","-0.5610","2.03%"
"10/12/2020","-0.5430","-0.5380","-0.5270","-0.5460","2.07%"
"10/09/2020","-0.5320","-0.5260","-0.5230","-0.5470","2.11%"
"10/08/2020","-0.5210","-0.4960","-0.4860","-0.5250","5.68%"
"10/07/2020","-0.4930","-0.5170","-0.4790","-0.5280","-2.76%"
"10/06/2020","-0.5070","-0.5070","-0.4920","-0.5190","-0.98%"
"10/05/2020","-0.5120","-0.5370","-0.5010","-0.5490","-4.66%"
"10/03/2020","-0.5370","-0.5370","-0.5370","-0.5370","0.56%"
"10/02/2020","-0.5340","-0.5420","-0.5240","-0.5550","1.14%"
"10/01/2020","-0.5280","-0.5120","-0.4970","-0.5370","1.34%"
"09/30/2020","-0.5210","-0.5450","-0.5140","-0.5520","-3.87%"
"09/29/2020","-0.5420","-0.5250","-0.5240","-0.5460","3.04%"
"09/28/2020","-0.5260","-0.5230","-0.5010","-0.5300","0.19%"
"09/25/2020","-0.5250","-0.4990","-0.4930","-0.5310","3.75%"
"09/24/2020","-0.5060","-0.5110","-0.4990","-0.5300","0.80%"
"09/23/2020","-0.5020","-0.5110","-0.4910","-0.5250","0.00%"
"09/22/2020","-0.5020","-0.5200","-0.4950","-0.5310","-4.74%"
"09/21/2020","-0.5270","-0.4890","-0.4750","-0.5390","8.21%"
"09/19/2020","-0.4870","-0.4870","-0.4870","-0.4870","0.83%"
"09/18/2020","-0.4830","-0.4850","-0.4730","-0.5110","-1.83%"
"09/17/2020","-0.4920","-0.4850","-0.4610","-0.5120","2.29%"
"09/16/2020","-0.4810","-0.4790","-0.4720","-0.5010","0.00%"
"09/15/2020","-0.4810","-0.4850","-0.4620","-0.4910","0.84%"
"09/14/2020","-0.4770","-0.4840","-0.4730","-0.5020","-1.24%"
"09/11/2020","-0.4830","-0.4550","-0.4470","-0.4840","13.38%"
"09/10/2020","-0.4260","-0.4560","-0.4170","-0.4770","-7.59%"
"09/09/2020","-0.4610","-0.4920","-0.4510","-0.5080","-6.68%"
"09/08/2020","-0.4940","-0.4650","-0.4500","-0.5060","7.39%"
"09/07/2020","-0.4600","-0.4390","-0.4360","-0.4820","-3.77%"
"09/04/2020","-0.4780","-0.4790","-0.4610","-0.4950","-2.45%"
"09/03/2020","-0.4900","-0.4780","-0.4540","-0.5020","3.59%"
"09/02/2020","-0.4730","-0.4300","-0.4240","-0.4760","13.98%"
"09/01/2020","-0.4150","-0.3950","-0.3720","-0.4190","4.27%"
"08/31/2020","-0.3980","-0.4120","-0.3750","-0.4150","-2.21%"
"08/28/2020","-0.4070","-0.3860","-0.3720","-0.4170","0.99%"
"08/27/2020","-0.4030","-0.4160","-0.3840","-0.4710","-1.95%"
"08/26/2020","-0.4110","-0.4250","-0.3940","-0.4270","-3.52%"
"08/25/2020","-0.4260","-0.4900","-0.4120","-0.4910","-13.77%"
"08/24/2020","-0.4940","-0.5110","-0.4760","-0.5130","-2.76%"
"08/21/2020","-0.5080","-0.4910","-0.4840","-0.5230","2.63%"
"08/20/2020","-0.4950","-0.4710","-0.4620","-0.5120","4.21%"
"08/19/2020","-0.4750","-0.4580","-0.4580","-0.4930","4.17%"
"08/18/2020","-0.4560","-0.4500","-0.4370","-0.4700","0.66%"
"08/17/2020","-0.4530","-0.4180","-0.4120","-0.4550","8.11%"
"08/14/2020","-0.4190","-0.3970","-0.3920","-0.4260","2.20%"
"08/13/2020","-0.4100","-0.4570","-0.3960","-0.4690","-8.69%"
"08/12/2020","-0.4490","-0.4800","-0.4280","-0.4810","-4.87%"
"08/11/2020","-0.4720","-0.5160","-0.4630","-0.5270","-10.10%"
"08/10/2020","-0.5250","-0.5000","-0.4860","-0.5350","3.96%"
"08/07/2020","-0.5050","-0.5330","-0.5030","-0.5430","-6.31%"
"08/06/2020","-0.5390","-0.5120","-0.4910","-0.5500","6.52%"
"08/05/2020","-0.5060","-0.5490","-0.4960","-0.5580","-8.00%"
"08/04/2020","-0.5500","-0.5250","-0.5100","-0.5600","5.16%"
"08/03/2020","-0.5230","-0.5220","-0.5000","-0.5330","-1.51%"
"07/31/2020","-0.5310","-0.5600","-0.5160","-0.5610","-2.57%"
"07/30/2020","-0.5450","-0.5050","-0.5000","-0.5530","9.22%"
"07/29/2020","-0.4990","-0.5150","-0.4880","-0.5210","-2.16%"
"07/28/2020","-0.5100","-0.4760","-0.4700","-0.5170","3.66%"
"07/27/2020","-0.4920","-0.4490","-0.4320","-0.4930","10.56%"
"07/24/2020","-0.4450","-0.4900","-0.4320","-0.4990","-7.68%"
"07/23/2020","-0.4820","-0.4870","-0.4700","-0.4940","-2.23%"
"07/22/2020","-0.4930","-0.4580","-0.4450","-0.4980","6.71%"
"07/21/2020","-0.4620","-0.4440","-0.4380","-0.4670","-0.22%"
"07/20/2020","-0.4630","-0.4440","-0.4180","-0.4720","2.32%"
"07/19/2020","-0.4525","-0.4525","-0.4525","-0.4525","-0.55%"
"07/17/2020","-0.4550","-0.4670","-0.4470","-0.4800","-2.99%"
"07/16/2020","-0.4690","-0.4430","-0.4340","-0.4810","5.87%"
"07/15/2020","-0.4430","-0.4400","-0.4230","-0.4630","-0.89%"
"07/14/2020","-0.4470","-0.4190","-0.4120","-0.4490","7.45%"
"07/13/2020","-0.4160","-0.4540","-0.4000","-0.4650","-11.11%"
"07/10/2020","-0.4680","-0.4710","-0.4640","-0.4920","1.96%"
"07/09/2020","-0.4590","-0.4390","-0.4270","-0.4720","4.56%"
"07/08/2020","-0.4390","-0.4330","-0.4220","-0.4570","2.33%"
"07/07/2020","-0.4290","-0.4300","-0.4110","-0.4570","-0.69%"
"07/06/2020","-0.4320","-0.4260","-0.4090","-0.4430","0.00%"
"07/03/2020","-0.4320","-0.4330","-0.4220","-0.4480","0.70%"
"07/02/2020","-0.4290","-0.3900","-0.3820","-0.4360","8.06%"
"07/01/2020","-0.3970","-0.4550","-0.3840","-0.4550","-12.36%"
"06/30/2020","-0.4530","-0.4710","-0.4520","-0.4880","-3.62%"
"06/29/2020","-0.4700","-0.4740","-0.4560","-0.4770","-2.49%"
"06/27/2020","-0.4820","-0.4830","-0.4820","-0.4830","0.21%"
"06/26/2020","-0.4810","-0.4620","-0.4600","-0.4840","3.44%"
"06/25/2020","-0.4650","-0.4400","-0.4400","-0.4800","5.92%"
"06/24/2020","-0.4390","-0.4080","-0.3830","-0.4440","8.40%"
"06/23/2020","-0.4050","-0.4340","-0.3990","-0.4390","-7.11%"
"06/22/2020","-0.4360","-0.4140","-0.4080","-0.4590","5.06%"
"06/19/2020","-0.4150","-0.4110","-0.3900","-0.4200","-6.11%"
"06/18/2020","-0.4420","-0.4280","-0.4170","-0.4540","3.76%"
"06/17/2020","-0.4260","-0.4280","-0.3940","-0.4460","-0.47%"
"06/16/2020","-0.4280","-0.4180","-0.4050","-0.4430","-3.60%"
"06/15/2020","-0.4440","-0.4520","-0.4360","-0.4700","-0.45%"
"06/13/2020","-0.4460","-0.4460","-0.4460","-0.4460","1.83%"
"06/12/2020","-0.4380","-0.4120","-0.4040","-0.4470","6.05%"
"06/11/2020","-0.4130","-0.3730","-0.3640","-0.4310","25.53%"
"06/10/2020","-0.3290","-0.3100","-0.3020","-0.3360","5.79%"
"06/09/2020","-0.3110","-0.3220","-0.3030","-0.3450","-2.20%"
"06/08/2020","-0.3180","-0.2790","-0.2670","-0.3220","14.80%"
"06/05/2020","-0.2770","-0.3220","-0.2570","-0.3240","-13.98%"
"06/04/2020","-0.3220","-0.3430","-0.3030","-0.3720","-9.30%"
"06/03/2020","-0.3550","-0.3850","-0.3400","-0.4120","-14.25%"
"06/02/2020","-0.4140","-0.4160","-0.3970","-0.4300","2.73%"
"06/01/2020","-0.4030","-0.4370","-0.3830","-0.4370","-10.04%"
"05/29/2020","-0.4480","-0.4350","-0.4190","-0.4580","6.92%"
"05/28/2020","-0.4190","-0.4140","-0.3990","-0.4400","1.21%"
"05/27/2020","-0.4140","-0.4330","-0.3860","-0.4560","-3.72%"
"05/26/2020","-0.4300","-0.4840","-0.4190","-0.4840","-12.96%"
"05/25/2020","-0.4940","-0.4880","-0.4830","-0.5030","1.23%"
"05/22/2020","-0.4880","-0.5090","-0.4820","-0.5200","-1.41%"
"05/21/2020","-0.4950","-0.4840","-0.4580","-0.5020","5.77%"
"05/20/2020","-0.4680","-0.4630","-0.4480","-0.4770","0.86%"
"05/19/2020","-0.4640","-0.4730","-0.4340","-0.4900","-1.69%"
"05/18/2020","-0.4720","-0.5370","-0.4560","-0.5560","-10.61%"
"05/15/2020","-0.5280","-0.5330","-0.5240","-0.5660","-2.58%"
"05/14/2020","-0.5420","-0.5500","-0.5170","-0.5570","2.85%"
"05/13/2020","-0.5270","-0.5080","-0.5080","-0.5470","3.94%"
"05/12/2020","-0.5070","-0.5040","-0.4730","-0.5130","-1.17%"
"05/11/2020","-0.5130","-0.5290","-0.5000","-0.5370","-4.65%"
"05/08/2020","-0.5380","-0.5450","-0.5280","-0.5700","-1.47%"
"05/07/2020","-0.5460","-0.5050","-0.4790","-0.5530","8.55%"
"05/06/2020","-0.5030","-0.5590","-0.5020","-0.5680","-12.82%"
"05/05/2020","-0.5770","-0.5550","-0.5170","-0.5910","2.85%"
"05/04/2020","-0.5610","-0.5890","-0.5370","-0.5930","-4.27%"
"05/01/2020","-0.5860","-0.5855","-0.5720","-0.5860","-0.51%"
"04/30/2020","-0.5890","-0.4960","-0.4920","-0.5930","19.23%"
"04/29/2020","-0.4940","-0.4660","-0.4610","-0.5070","5.33%"
"04/28/2020","-0.4690","-0.4470","-0.4210","-0.4760","3.99%"
"04/27/2020","-0.4510","-0.4740","-0.4320","-0.4810","-4.85%"
"04/24/2020","-0.4740","-0.4650","-0.4440","-0.4780","12.32%"
"04/23/2020","-0.4220","-0.4190","-0.3760","-0.4420","3.69%"
"04/22/2020","-0.4070","-0.4810","-0.4060","-0.4860","-14.32%"
"04/21/2020","-0.4750","-0.4690","-0.4540","-0.5100","6.03%"
"04/20/2020","-0.4480","-0.4760","-0.4380","-0.4950","-5.08%"
"04/17/2020","-0.4720","-0.4500","-0.4500","-0.4880","0.21%"
"04/16/2020","-0.4710","-0.4450","-0.4250","-0.4860","1.95%"
"04/15/2020","-0.4620","-0.3770","-0.3770","-0.4770","22.55%"
"04/14/2020","-0.3770","-0.3220","-0.3140","-0.4020","7.87%"
"04/13/2020","-0.3495","-0.3495","-0.3495","-0.3495","1.30%"
"04/09/2020","-0.3450","-0.3150","-0.2870","-0.3600","11.65%"
"04/08/2020","-0.3090","-0.3600","-0.2890","-0.3720","-0.32%"
"04/07/2020","-0.3100","-0.4030","-0.3040","-0.4060","-26.89%"
"04/06/2020","-0.4240","-0.4120","-0.3910","-0.4330","-3.85%"
"04/03/2020","-0.4410","-0.4410","-0.4250","-0.4600","1.15%"
"04/02/2020","-0.4360","-0.4540","-0.4060","-0.4580","-5.83%"
"04/01/2020","-0.4630","-0.5100","-0.4510","-0.5290","-1.28%"
"03/31/2020","-0.4690","-0.4970","-0.4530","-0.5090","-5.44%"
"03/30/2020","-0.4960","-0.4760","-0.4720","-0.5520","4.42%"
"03/27/2020","-0.4750","-0.3940","-0.3880","-0.5020","31.94%"
"03/26/2020","-0.3600","-0.2880","-0.2860","-0.3840","36.36%"
"03/25/2020","-0.2640","-0.3350","-0.2570","-0.3480","-18.77%"
"03/24/2020","-0.3250","-0.3600","-0.3140","-0.3770","-13.79%"
"03/23/2020","-0.3770","-0.3350","-0.3330","-0.4030","15.64%"
"03/20/2020","-0.3260","-0.2540","-0.2360","-0.3410","69.79%"
"03/19/2020","-0.1920","-0.3650","-0.1420","-0.3840","-16.52%"
"03/18/2020","-0.2300","-0.3830","-0.2000","-0.3870","-46.76%"
"03/17/2020","-0.4320","-0.4310","-0.3730","-0.4750","-6.29%"
"03/16/2020","-0.4610","-0.5980","-0.4490","-0.6010","-15.88%"
"03/13/2020","-0.5480","-0.6730","-0.5390","-0.6830","-26.24%"
"03/12/2020","-0.7430","-0.7910","-0.7090","-0.8020","-0.40%"
"03/11/2020","-0.7460","-0.7920","-0.7340","-0.8180","-6.87%"
"03/10/2020","-0.8010","-0.7330","-0.7030","-0.8190","-6.21%"
"03/09/2020","-0.8540","-0.7950","-0.7950","-0.9090","19.86%"
"03/07/2020","-0.7125","-0.7125","-0.7125","-0.7125","-0.07%"
"03/06/2020","-0.7130","-0.7060","-0.6990","-0.7460","4.39%"
"03/05/2020","-0.6830","-0.6200","-0.6100","-0.6890","7.05%"
"03/04/2020","-0.6380","-0.6430","-0.6090","-0.6480","1.75%"
"03/03/2020","-0.6270","-0.6120","-0.5690","-0.6420","0.97%"
"03/02/2020","-0.6210","-0.6190","-0.5780","-0.6670","2.14%"
"02/28/2020","-0.6080","-0.5730","-0.5690","-0.6270","12.38%"
"02/27/2020","-0.5410","-0.5180","-0.5040","-0.5670","6.92%"
"02/26/2020","-0.5060","-0.5090","-0.4720","-0.5310","-0.78%"
"02/25/2020","-0.5100","-0.4680","-0.4650","-0.5200","6.25%"
"02/24/2020","-0.4800","-0.4660","-0.4560","-0.5000","12.15%"
"02/21/2020","-0.4280","-0.4520","-0.4270","-0.4650","-3.39%"
"02/20/2020","-0.4430","-0.4190","-0.4100","-0.4470","5.48%"
"02/19/2020","-0.4200","-0.4030","-0.3910","-0.4230","3.45%"
"02/18/2020","-0.4060","-0.4210","-0.3910","-0.4320","1.25%"
"02/17/2020","-0.4010","-0.3910","-0.3780","-0.4070","0.00%"
"02/14/2020","-0.4010","-0.3930","-0.3790","-0.4110","3.89%"
"02/13/2020","-0.3860","-0.3990","-0.3750","-0.4140","2.93%"
"02/12/2020","-0.3750","-0.3760","-0.3550","-0.3860","-4.34%"
"02/11/2020","-0.3920","-0.3970","-0.3800","-0.4080","-4.62%"
"02/10/2020","-0.4110","-0.3790","-0.3770","-0.4130","6.75%"
"02/07/2020","-0.3850","-0.3690","-0.3680","-0.4000","4.90%"
"02/06/2020","-0.3670","-0.3550","-0.3390","-0.3700","1.94%"
"02/05/2020","-0.3600","-0.4060","-0.3550","-0.4160","-9.32%"
"02/04/2020","-0.3970","-0.4270","-0.3910","-0.4340","-10.38%"
"02/03/2020","-0.4430","-0.4310","-0.4300","-0.4470","2.07%"
"01/31/2020","-0.4340","-0.3990","-0.3970","-0.4450","7.16%"
"01/30/2020","-0.4050","-0.3950","-0.3910","-0.4130","7.14%"
"01/29/2020","-0.3780","-0.3520","-0.3500","-0.3840","-0.26%"
"01/28/2020","-0.3790","-0.3770","-0.3760","-0.4040","-1.56%"
"01/27/2020","-0.3850","-0.3350","-0.3330","-0.3910","14.58%"
"01/24/2020","-0.3360","-0.2990","-0.2800","-0.3370","9.80%"
"01/23/2020","-0.3060","-0.2600","-0.2580","-0.3130","17.24%"
"01/22/2020","-0.2610","-0.2380","-0.2380","-0.2740","5.67%"
"01/21/2020","-0.2470","-0.2340","-0.2080","-0.2560","13.30%"
"01/20/2020","-0.2180","-0.2140","-0.2050","-0.2220","1.87%"
"01/17/2020","-0.2140","-0.2050","-0.2010","-0.2260","-0.93%"
"01/16/2020","-0.2160","-0.2000","-0.1950","-0.2250","9.09%"
"01/15/2020","-0.1980","-0.1710","-0.1690","-0.2230","-4.35%"
"01/14/2020","-0.2070","-0.1910","-0.1880","-0.2150","6.15%"
"01/13/2020","-0.1950","-0.2330","-0.1900","-0.2360","-17.02%"
"01/10/2020","-0.2350","-0.2240","-0.2010","-0.2390","7.80%"
"01/09/2020","-0.2180","-0.2330","-0.2130","-0.2460","-9.92%"
"01/08/2020","-0.2420","-0.2960","-0.2390","-0.2990","-14.49%"
"01/07/2020","-0.2830","-0.2800","-0.2690","-0.2970","-1.05%"
"01/06/2020","-0.2860","-0.2930","-0.2790","-0.3110","2.14%"
"01/03/2020","-0.2800","-0.2520","-0.2480","-0.3020","26.70%"
"01/02/2020","-0.2210","-0.1800","-0.1570","-0.2390","18.18%"
"12/31/2019","-0.1870","-0.1870","-0.1870","-0.1870","2.75%"
"12/30/2019","-0.1820","-0.2510","-0.1720","-0.2520","-27.78%"
"12/27/2019","-0.2520","-0.2590","-0.2370","-0.2590","2.86%"
"12/26/2019","-0.2450","-0.2460","-0.2450","-0.2460","0.00%"
"12/25/2019","-0.2450","-0.2460","-0.2450","-0.2460","0.20%"
"12/24/2019","-0.2445","-0.2460","-0.2445","-0.2460","2.30%"
"12/23/2019","-0.2390","-0.2560","-0.2350","-0.2720","-4.40%"
"12/20/2019","-0.2500","-0.2360","-0.2180","-0.2530","6.84%"
"12/19/2019","-0.2340","-0.2470","-0.2080","-0.2510","-5.65%"
"12/18/2019","-0.2480","-0.2920","-0.2370","-0.3060","-15.36%"
"12/17/2019","-0.2930","-0.2940","-0.2760","-0.2990","6.55%"
"12/16/2019","-0.2750","-0.2840","-0.2660","-0.3080","-5.17%"
"12/13/2019","-0.2900","-0.2210","-0.2150","-0.2970","7.81%"
"12/12/2019","-0.2690","-0.3250","-0.2590","-0.3420","-16.46%"
"12/11/2019","-0.3220","-0.2960","-0.2930","-0.3230","8.78%"
"12/10/2019","-0.2960","-0.3050","-0.2830","-0.3110","-3.58%"
"12/09/2019","-0.3070","-0.2890","-0.2870","-0.3220","6.97%"
"12/06/2019","-0.2870","-0.2930","-0.2720","-0.3120","-3.37%"
"12/05/2019","-0.2970","-0.3300","-0.2760","-0.3300","-5.11%"
"12/04/2019","-0.3130","-0.3450","-0.3130","-0.3650","-10.06%"
"12/03/2019","-0.3480","-0.2690","-0.2600","-0.3520","24.29%"
"12/02/2019","-0.2800","-0.3230","-0.2690","-0.3230","-22.22%"
"11/29/2019","-0.3600","-0.3630","-0.3400","-0.3740","0.00%"
"11/28/2019","-0.3600","-0.3700","-0.3560","-0.3860","-3.23%"
"11/27/2019","-0.3720","-0.3700","-0.3550","-0.3810","0.27%"
"11/26/2019","-0.3710","-0.3520","-0.3390","-0.3790","6.30%"
"11/25/2019","-0.3490","-0.3560","-0.3430","-0.3620","-2.79%"
"11/22/2019","-0.3590","-0.3210","-0.3030","-0.3650","10.12%"
"11/21/2019","-0.3260","-0.3550","-0.3200","-0.3610","-6.05%"
"11/20/2019","-0.3470","-0.3630","-0.3460","-0.3840","2.36%"
"11/19/2019","-0.3390","-0.3360","-0.3230","-0.3430","0.89%"
"11/18/2019","-0.3360","-0.3360","-0.3140","-0.3520","0.30%"
"11/16/2019","-0.3350","-0.3360","-0.3350","-0.3360","0.00%"
"11/15/2019","-0.3350","-0.3250","-0.3250","-0.3480","-4.29%"
"11/14/2019","-0.3500","-0.3030","-0.3000","-0.3530","17.45%"
"11/13/2019","-0.2980","-0.2570","-0.2530","-0.3080","18.25%"
"11/12/2019","-0.2520","-0.2360","-0.2270","-0.2560","3.28%"
"11/11/2019","-0.2440","-0.2680","-0.2410","-0.2740","-8.79%"
"11/09/2019","-0.2675","-0.2675","-0.2675","-0.2675","2.49%"
"11/08/2019","-0.2610","-0.2540","-0.2180","-0.2700","11.54%"
"11/07/2019","-0.2340","-0.3330","-0.2320","-0.3420","-29.94%"
"11/06/2019","-0.3340","-0.3100","-0.2950","-0.3350","8.09%"
"11/05/2019","-0.3090","-0.3390","-0.3020","-0.3450","-11.46%"
"11/04/2019","-0.3490","-0.3770","-0.3450","-0.3770","-8.40%"
"11/01/2019","-0.3810","-0.4070","-0.3740","-0.4170","-5.46%"
"10/31/2019","-0.4030","-0.3730","-0.3730","-0.4210","13.52%"
"10/30/2019","-0.3550","-0.3550","-0.3370","-0.3690","1.14%"
"10/29/2019","-0.3510","-0.3320","-0.3270","-0.3590","6.04%"
"10/28/2019","-0.3310","-0.3590","-0.3200","-0.3750","-9.07%"
"10/25/2019","-0.3640","-0.3970","-0.3570","-0.4030","-10.34%"
"10/24/2019","-0.4060","-0.3880","-0.3600","-0.4150","4.10%"
"10/23/2019","-0.3900","-0.3870","-0.3840","-0.4140","6.27%"
"10/22/2019","-0.3670","-0.3400","-0.3360","-0.3820","6.38%"
"10/21/2019","-0.3450","-0.3760","-0.3340","-0.3780","-9.21%"
"10/18/2019","-0.3800","-0.4060","-0.3670","-0.4080","-6.86%"
"10/17/2019","-0.4080","-0.4050","-0.3330","-0.4090","5.97%"
"10/16/2019","-0.3850","-0.4130","-0.3770","-0.4360","-7.67%"
"10/15/2019","-0.4170","-0.4580","-0.4050","-0.4730","-8.15%"
"10/14/2019","-0.4540","-0.4650","-0.4520","-0.4820","2.02%"
"10/11/2019","-0.4450","-0.4650","-0.4270","-0.4990","-5.12%"
"10/10/2019","-0.4690","-0.5480","-0.4660","-0.5540","-14.57%"
"10/09/2019","-0.5490","-0.5860","-0.5440","-0.5910","-7.58%"
"10/08/2019","-0.5940","-0.5560","-0.5440","-0.5990","3.30%"
"10/07/2019","-0.5750","-0.5850","-0.5700","-0.6020","-1.71%"
"10/05/2019","-0.5850","-0.5850","-0.5850","-0.5850","-0.34%"
"10/04/2019","-0.5870","-0.5840","-0.5750","-0.6040","0.00%"
"10/03/2019","-0.5870","-0.5520","-0.5520","-0.6040","7.31%"
"10/02/2019","-0.5470","-0.5430","-0.5250","-0.5570","-2.67%"
"10/01/2019","-0.5620","-0.5490","-0.5090","-0.5690","-1.75%"
"09/30/2019","-0.5720","-0.5800","-0.5420","-0.5830","-0.17%"
"09/28/2019","-0.5730","-0.5770","-0.5730","-0.5770","-0.35%"
"09/27/2019","-0.5750","-0.5810","-0.5630","-0.5970","-1.37%"
"09/26/2019","-0.5830","-0.5730","-0.5640","-0.5940","1.22%"
"09/25/2019","-0.5760","-0.6020","-0.5690","-0.6220","-4.00%"
"09/24/2019","-0.6000","-0.5710","-0.5590","-0.6080","2.92%"
"09/23/2019","-0.5830","-0.5250","-0.5080","-0.5970","11.69%"
"09/20/2019","-0.5220","-0.5050","-0.5000","-0.5260","2.96%"
"09/19/2019","-0.5070","-0.5010","-0.4760","-0.5120","-0.20%"
"09/18/2019","-0.5080","-0.4690","-0.4690","-0.5130","7.17%"
"09/17/2019","-0.4740","-0.4830","-0.4620","-0.4950","-1.25%"
"09/16/2019","-0.4800","-0.4630","-0.4440","-0.4920","7.87%"
"09/13/2019","-0.4450","-0.5020","-0.4340","-0.5140","-15.08%"
"09/12/2019","-0.5240","-0.5540","-0.5080","-0.6470","-6.60%"
"09/11/2019","-0.5610","-0.5420","-0.5270","-0.5740","2.37%"
"09/10/2019","-0.5480","-0.5730","-0.5410","-0.5870","-5.84%"
"09/09/2019","-0.5820","-0.6360","-0.5650","-0.6400","-8.78%"
"09/07/2019","-0.6380","-0.6380","-0.6380","-0.6380","0.16%"
"09/06/2019","-0.6370","-0.5850","-0.5730","-0.6400","7.06%"
"09/05/2019","-0.5950","-0.6570","-0.5710","-0.6700","-11.85%"
"09/04/2019","-0.6750","-0.6910","-0.6350","-0.6980","-3.98%"
"09/03/2019","-0.7030","-0.6990","-0.6940","-0.7430","0.14%"
"09/02/2019","-0.7020","-0.7030","-0.6740","-0.7050","-0.14%"
"08/30/2019","-0.7030","-0.6980","-0.6770","-0.7180","1.30%"
"08/29/2019","-0.6940","-0.7130","-0.6770","-0.7200","-2.25%"
"08/28/2019","-0.7100","-0.6970","-0.6930","-0.7280","2.31%"
"08/27/2019","-0.6940","-0.6680","-0.6650","-0.6980","4.68%"
"08/26/2019","-0.6630","-0.7040","-0.6520","-0.7040","-2.07%"
"08/23/2019","-0.6770","-0.6230","-0.6030","-0.6830","4.96%"
"08/22/2019","-0.6450","-0.6770","-0.6140","-0.6950","-3.87%"
"08/21/2019","-0.6710","-0.6800","-0.6450","-0.6860","-2.89%"
"08/20/2019","-0.6910","-0.6540","-0.6490","-0.7110","6.14%"
"08/19/2019","-0.6510","-0.6730","-0.6240","-0.6910","-4.82%"
"08/16/2019","-0.6840","-0.7080","-0.6450","-0.7270","-3.80%"
"08/15/2019","-0.7110","-0.6610","-0.6410","-0.7140","9.55%"
"08/14/2019","-0.6490","-0.6080","-0.6080","-0.6570","6.74%"
"08/13/2019","-0.6080","-0.6040","-0.5870","-0.6190","2.53%"
"08/12/2019","-0.5930","-0.5720","-0.5710","-0.5970","3.13%"
"08/09/2019","-0.5750","-0.5950","-0.5650","-0.5980","3.05%"
"08/08/2019","-0.5580","-0.5760","-0.5230","-0.5810","-4.12%"
"08/07/2019","-0.5820","-0.5490","-0.5370","-0.6100","8.38%"
"08/06/2019","-0.5370","-0.5110","-0.5090","-0.5440","4.07%"
"08/05/2019","-0.5160","-0.5220","-0.5040","-0.5370","4.24%"
"08/02/2019","-0.4950","-0.4780","-0.4710","-0.5020","10.24%"
"08/01/2019","-0.4490","-0.4330","-0.4120","-0.4660","1.58%"
"07/31/2019","-0.4420","-0.4020","-0.3970","-0.4420","11.34%"
"07/30/2019","-0.3970","-0.3950","-0.3880","-0.4060","2.06%"
"07/29/2019","-0.3890","-0.3850","-0.3770","-0.4010","3.18%"
"07/27/2019","-0.3770","-0.3770","-0.3770","-0.3770","0.00%"
"07/26/2019","-0.3770","-0.3680","-0.3580","-0.3820","4.43%"
"07/25/2019","-0.3610","-0.3790","-0.3300","-0.4220","-4.50%"
"07/24/2019","-0.3780","-0.3500","-0.3430","-0.3900","7.08%"
"07/23/2019","-0.3530","-0.3350","-0.3320","-0.3590","2.62%"
"07/22/2019","-0.3440","-0.3190","-0.3140","-0.3470","6.17%"
"07/20/2019","-0.3240","-0.3240","-0.3240","-0.3240","0.62%"
"07/19/2019","-0.3220","-0.3100","-0.3100","-0.3320","3.87%"
"07/18/2019","-0.3100","-0.3070","-0.2950","-0.3270","8.01%"
"07/17/2019","-0.2870","-0.2730","-0.2630","-0.2970","-0.69%"
"07/16/2019","-0.2890","-0.3000","-0.2820","-0.3160","-1.70%"
"07/15/2019","-0.2940","-0.2450","-0.2430","-0.2990","16.67%"
"07/13/2019","-0.2520","-0.2520","-0.2520","-0.2520","1.61%"
"07/12/2019","-0.2480","-0.2490","-0.2240","-0.2660","-6.06%"
"07/11/2019","-0.2640","-0.3170","-0.2530","-0.3210","-13.73%"
"07/10/2019","-0.3060","-0.3350","-0.2790","-0.3540","-13.56%"
"07/09/2019","-0.3540","-0.3700","-0.3450","-0.3740","-3.28%"
"07/08/2019","-0.3660","-0.3840","-0.3630","-0.3870","1.39%"
"07/05/2019","-0.3610","-0.4010","-0.3400","-0.4030","-9.52%"
"07/04/2019","-0.3990","-0.3850","-0.3800","-0.4090","3.64%"
"07/03/2019","-0.3850","-0.3860","-0.3750","-0.3990","4.62%"
"07/02/2019","-0.3680","-0.3610","-0.3410","-0.3700","4.25%"
"07/01/2019","-0.3530","-0.3110","-0.3040","-0.3630","7.62%"
"06/28/2019","-0.3280","-0.3230","-0.3050","-0.3310","2.50%"
"06/27/2019","-0.3200","-0.2930","-0.2700","-0.3210","5.61%"
"06/26/2019","-0.3030","-0.3190","-0.2990","-0.3310","-8.46%"
"06/25/2019","-0.3310","-0.3120","-0.3040","-0.3360","8.17%"
"06/24/2019","-0.3060","-0.2870","-0.2850","-0.3140","7.75%"
"06/21/2019","-0.2840","-0.3110","-0.2730","-0.3220","-10.13%"
"06/20/2019","-0.3160","-0.3130","-0.3000","-0.3230","9.34%"
"06/19/2019","-0.2890","-0.3130","-0.2800","-0.3200","-8.83%"
"06/18/2019","-0.3170","-0.2490","-0.2440","-0.3290","29.39%"
"06/17/2019","-0.2450","-0.2500","-0.2330","-0.2560","-4.30%"
"06/14/2019","-0.2560","-0.2500","-0.2410","-0.2710","5.79%"
"06/13/2019","-0.2420","-0.2400","-0.2320","-0.2520","2.11%"
"06/12/2019","-0.2370","-0.2370","-0.2280","-0.2480","1.72%"
"06/11/2019","-0.2330","-0.2150","-0.2140","-0.2360","6.39%"
"06/10/2019","-0.2190","-0.2470","-0.2110","-0.2480","-14.79%"
"06/07/2019","-0.2570","-0.2300","-0.2250","-0.2620","7.08%"
"06/06/2019","-0.2400","-0.2260","-0.1890","-0.2400","5.73%"
"06/05/2019","-0.2270","-0.2060","-0.2010","-0.2300","9.13%"
"06/04/2019","-0.2080","-0.2010","-0.2000","-0.2190","3.48%"
"06/03/2019","-0.2010","-0.2060","-0.1920","-0.2190","-0.99%"
"05/31/2019","-0.2030","-0.1910","-0.1880","-0.2130","16.00%"
"05/30/2019","-0.1750","-0.1610","-0.1480","-0.1790","-0.57%"
"05/29/2019","-0.1760","-0.1610","-0.1570","-0.1790","10.00%"
"05/28/2019","-0.1600","-0.1400","-0.1350","-0.1640","12.68%"
"05/27/2019","-0.1420","-0.1140","-0.1100","-0.1470","22.41%"
"05/25/2019","-0.1160","-0.1110","-0.1110","-0.1170","0.00%"
"05/24/2019","-0.1160","-0.1130","-0.1040","-0.1220","-3.33%"
"05/23/2019","-0.1200","-0.0970","-0.0860","-0.1210","44.58%"
"05/22/2019","-0.0830","-0.0650","-0.0580","-0.0890","43.10%"
"05/21/2019","-0.0580","-0.0820","-0.0510","-0.0930","-34.09%"
"05/20/2019","-0.0880","-0.0970","-0.0720","-0.1060","-14.56%"
"05/17/2019","-0.1030","-0.1110","-0.0890","-0.1290","11.96%"
"05/16/2019","-0.0920","-0.1080","-0.0830","-0.1200","-7.07%"
"05/15/2019","-0.0990","-0.0740","-0.0690","-0.1320","41.43%"
"05/14/2019","-0.0700","-0.0590","-0.0520","-0.0830","-2.78%"
"05/13/2019","-0.0720","-0.0490","-0.0340","-0.0750","46.94%"
"05/11/2019","-0.0490","-0.0490","-0.0490","-0.0490","11.36%"
"05/10/2019","-0.0440","-0.0510","-0.0240","-0.0540","-8.33%"
"05/09/2019","-0.0480","-0.0460","-0.0390","-0.0690","4.35%"
"05/08/2019","-0.0460","-0.0290","-0.0230","-0.0630","15.00%"
"05/07/2019","-0.0400","0.0040","0.0250","-0.0400","-766.67%"
"05/06/2019","0.0060","-0.0030","0.0200","-0.0080","-66.67%"
"05/04/2019","0.0180","0.0180","0.0180","0.0180","-25.00%"
"05/03/2019","0.0240","0.0280","0.0500","0.0090","-17.24%"
"05/02/2019","0.0290","0.0300","0.0420","0.0040","123.08%"
"05/01/2019","0.0130","0.0130","0.0130","0.0130","0.00%"
"04/30/2019","0.0130","-0.0050","0.0510","-0.0100","225.00%"
"04/29/2019","0.0040","-0.0120","0.0170","-0.0150","-119.05%"
"04/26/2019","-0.0210","-0.0120","-0.0030","-0.0270","133.33%"
"04/25/2019","-0.0090","-0.0110","0.0000","-0.0190","-30.77%"
"04/24/2019","-0.0130","0.0230","0.0360","-0.0180","-132.50%"
"04/23/2019","0.0400","0.0330","0.0580","0.0280","66.67%"
"04/22/2019","0.0240","0.0240","0.0240","0.0240","4.35%"
"04/19/2019","0.0230","0.0240","0.0240","0.0230","0.00%"
"04/18/2019","0.0230","0.0760","0.0850","0.0170","-71.60%"
"04/17/2019","0.0810","0.0860","0.1020","0.0720","24.62%"
"04/16/2019","0.0650","0.0600","0.0730","0.0370","14.04%"
"04/15/2019","0.0570","0.0580","0.0800","0.0480","0.00%"
"04/12/2019","0.0570","-0.0100","0.0610","-0.0240","-812.50%"
"04/11/2019","-0.0080","-0.0260","-0.0040","-0.0320","-69.23%"
"04/10/2019","-0.0260","-0.0100","0.0020","-0.0390","188.89%"
"04/09/2019","-0.0090","0.0090","0.0210","-0.0150","-250.00%"
"04/08/2019","0.0060","-0.0020","0.0120","-0.0070","0.00%"
"04/05/2019","0.0060","0.0160","0.0240","-0.0070","-200.00%"
"04/04/2019","-0.0060","0.0060","0.0070","-0.0160","-175.00%"
"04/03/2019","0.0080","-0.0230","0.0130","-0.0240","-116.33%"
"04/02/2019","-0.0490","-0.0370","-0.0240","-0.0550","81.48%"
"04/01/2019","-0.0270","-0.0490","-0.0180","-0.0530","-60.29%"
"03/30/2019","-0.0680","-0.0680","-0.0680","-0.0680","-4.23%"
"03/29/2019","-0.0710","-0.0610","-0.0450","-0.0750","0.00%"
"03/28/2019","-0.0710","-0.0870","-0.0590","-0.0920","-12.35%"
"03/27/2019","-0.0810","-0.0310","-0.0290","-0.0940","440.00%"
"03/26/2019","-0.0150","-0.0140","-0.0040","-0.0320","-46.43%"
"03/25/2019","-0.0280","-0.0200","0.0040","-0.0320","133.33%"
"03/22/2019","-0.0120","0.0490","0.0540","-0.0330","-128.57%"
"03/21/2019","0.0420","0.0690","0.0720","0.0340","-49.40%"
"03/20/2019","0.0830","0.1020","0.1110","0.0760","-17.82%"
"03/19/2019","0.1010","0.0820","0.1240","0.0740","18.82%"
"03/18/2019","0.0850","0.0860","0.1020","0.0720","1.19%"
"03/16/2019","0.0840","0.0840","0.0840","0.0840","1.20%"
"03/15/2019","0.0830","0.0770","0.1040","0.0660","-2.35%"
"03/14/2019","0.0850","0.0780","0.0960","0.0660","34.92%"
"03/13/2019","0.0630","0.0550","0.0760","0.0540","16.67%"
"03/12/2019","0.0540","0.0800","0.1070","0.0520","-19.40%"
"03/11/2019","0.0670","0.0650","0.0780","0.0550","-5.63%"
"03/09/2019","0.0710","0.0710","0.0710","0.0710","0.00%"
"03/08/2019","0.0710","0.0600","0.0790","0.0480","7.58%"
"03/07/2019","0.0660","0.1230","0.1390","0.0610","-48.44%"
"03/06/2019","0.1280","0.1700","0.1700","0.1230","-23.35%"
"03/05/2019","0.1670","0.1660","0.1870","0.1580","1.83%"
"03/04/2019","0.1640","0.1930","0.1950","0.1540","-13.23%"
"03/02/2019","0.1890","0.1890","0.1890","0.1890","2.72%"
"03/01/2019","0.1840","0.1890","0.2080","0.1790","1.10%"
"02/28/2019","0.1820","0.1460","0.1950","0.1380","22.97%"
"02/27/2019","0.1480","0.1100","0.1680","0.1030","24.37%"
"02/26/2019","0.1190","0.1040","0.1270","0.0910","9.17%"
"02/25/2019","0.1090","0.1000","0.1230","0.1000","15.96%"
"02/22/2019","0.0940","0.1250","0.1270","0.0920","-27.13%"
"02/21/2019","0.1290","0.1050","0.1460","0.0980","30.30%"
"02/20/2019","0.0990","0.1040","0.1120","0.0890","-5.71%"
"02/19/2019","0.1050","0.1070","0.1190","0.0840","-6.25%"
"02/18/2019","0.1120","0.1040","0.1180","0.0970","13.13%"
"02/16/2019","0.0990","0.0990","0.0990","0.0990","-4.81%"
"02/15/2019","0.1040","0.1010","0.1170","0.0920","-0.95%"
"02/14/2019","0.1050","0.1330","0.1330","0.0860","-14.63%"
"02/13/2019","0.1230","0.1400","0.1450","0.1190","-6.82%"
"02/12/2019","0.1320","0.1280","0.1460","0.1180","10.92%"
"02/11/2019","0.1190","0.0940","0.1220","0.0900","35.23%"
"02/08/2019","0.0880","0.1030","0.1180","0.0770","-24.14%"
"02/07/2019","0.1160","0.1580","0.1660","0.1050","-28.40%"
"02/06/2019","0.1620","0.1660","0.1750","0.1540","-4.71%"
"02/05/2019","0.1700","0.1740","0.2060","0.1640","-3.41%"
"02/04/2019","0.1760","0.1680","0.1850","0.1600","6.02%"
"02/01/2019","0.1660","0.1510","0.1700","0.1470","11.41%"
"01/31/2019","0.1490","0.1720","0.1830","0.1480","-21.16%"
"01/30/2019","0.1890","0.1960","0.2060","0.1850","-5.03%"
"01/29/2019","0.1990","0.2100","0.2150","0.1960","-2.93%"
"01/28/2019","0.2050","0.1860","0.2250","0.1860","7.89%"
"01/26/2019","0.1900","0.1900","0.1900","0.1900","-1.04%"
"01/25/2019","0.1920","0.1860","0.2050","0.1770","6.67%"
"01/24/2019","0.1800","0.2250","0.2290","0.1780","-19.64%"
"01/23/2019","0.2240","0.2350","0.2490","0.2180","-4.68%"
"01/22/2019","0.2350","0.2480","0.2610","0.2250","-7.48%"
"01/21/2019","0.2540","0.2550","0.2640","0.2470","-3.42%"
"01/18/2019","0.2630","0.2460","0.2760","0.2400","8.23%"
"01/17/2019","0.2430","0.2180","0.2460","0.2050","8.48%"
"01/16/2019","0.2240","0.2080","0.2390","0.2070","7.69%"
"01/15/2019","0.2080","0.2390","0.2410","0.1990","-10.73%"
"01/14/2019","0.2330","0.2390","0.2390","0.2040","27.32%"
"01/11/2019","0.1830","0.1930","0.1990","0.1670","-7.11%"
"01/10/2019","0.1970","0.2010","0.2130","0.1850","-10.05%"
"01/09/2019","0.2190","0.2250","0.2470","0.2040","-3.10%"
"01/08/2019","0.2260","0.2210","0.2470","0.2180","2.26%"
"01/07/2019","0.2210","0.2150","0.2240","0.1900","7.28%"
"01/04/2019","0.2060","0.1630","0.2210","0.1590","35.53%"
"01/03/2019","0.1520","0.1520","0.1890","0.1460","-7.88%"
"01/02/2019","0.1650","0.2270","0.2310","0.1480","-31.82%"
"01/01/2019","0.2420","0.2420","0.2420","0.2420","-1.63%"
"12/31/2018","0.2460","0.2430","0.2460","0.2430","5.13%"
"12/28/2018","0.2340","0.2360","0.2500","0.2210","4.00%"
"12/27/2018","0.2250","0.2510","0.2510","0.2180","-10.00%"
"12/26/2018","0.2500","0.2500","0.2500","0.2500","0.81%"
"12/25/2018","0.2480","0.2500","0.2500","0.2480","-0.40%"
"12/24/2018","0.2490","0.2490","0.2490","0.2490","-0.40%"
"12/21/2018","0.2500","0.2530","0.2550","0.2360","7.76%"
"12/20/2018","0.2320","0.2240","0.2440","0.2030","-3.73%"
"12/19/2018","0.2410","0.2420","0.2540","0.2330","-0.82%"
"12/18/2018","0.2430","0.2460","0.2540","0.2290","-5.45%"
"12/17/2018","0.2570","0.2640","0.2710","0.2470","0.39%"
"12/14/2018","0.2560","0.2680","0.2720","0.2460","-10.18%"
"12/13/2018","0.2850","0.2790","0.2980","0.2550","2.89%"
"12/12/2018","0.2770","0.2420","0.2800","0.2290","18.88%"
"12/11/2018","0.2330","0.2550","0.2770","0.2240","-5.28%"
"12/10/2018","0.2460","0.2350","0.2670","0.2320","-1.99%"
"12/07/2018","0.2510","0.2480","0.2700","0.2350","6.36%"
"12/06/2018","0.2360","0.2520","0.2710","0.2240","-14.49%"
"12/05/2018","0.2760","0.2530","0.2780","0.2420","5.34%"
"12/04/2018","0.2620","0.2790","0.3010","0.2610","-14.10%"
"12/03/2018","0.3050","0.3380","0.3470","0.3040","-5.28%"
"12/01/2018","0.3220","0.3220","0.3220","0.3220","2.22%"
"11/30/2018","0.3150","0.3230","0.3290","0.3050","-1.87%"
"11/29/2018","0.3210","0.3450","0.3450","0.3160","-7.76%"
"11/28/2018","0.3480","0.3460","0.3580","0.3320","-0.85%"
"11/27/2018","0.3510","0.3470","0.3590","0.3300","-3.04%"
"11/26/2018","0.3620","0.3500","0.3710","0.3450","6.47%"
"11/23/2018","0.3400","0.3660","0.3800","0.3310","-8.11%"
"11/22/2018","0.3700","0.3700","0.3780","0.3530","-1.86%"
"11/21/2018","0.3770","0.3620","0.3810","0.3590","7.71%"
"11/20/2018","0.3500","0.3710","0.3770","0.3410","-5.91%"
"11/19/2018","0.3720","0.3700","0.3980","0.3680","1.36%"
"11/16/2018","0.3670","0.3690","0.3760","0.3600","1.94%"
"11/15/2018","0.3600","0.4020","0.4070","0.3480","-9.77%"
"11/14/2018","0.3990","0.3910","0.4150","0.3830","-2.68%"
"11/13/2018","0.4100","0.3980","0.4120","0.3820","2.50%"
"11/12/2018","0.4000","0.4140","0.4160","0.3780","-1.96%"
"11/11/2018","0.4080","0.4080","0.4080","0.4080","0.25%"
"11/09/2018","0.4070","0.4460","0.4470","0.4060","-11.33%"
"11/08/2018","0.4590","0.4590","0.4690","0.4450","2.68%"
"11/07/2018","0.4470","0.4260","0.4590","0.4170","3.47%"
"11/06/2018","0.4320","0.4280","0.4370","0.4050","1.65%"
"11/05/2018","0.4250","0.4350","0.4380","0.4120","-0.23%"
"11/02/2018","0.4260","0.3990","0.4400","0.3990","6.50%"
"11/01/2018","0.4000","0.3870","0.4220","0.3850","3.63%"
"10/31/2018","0.3860","0.3920","0.4030","0.3770","4.61%"
"10/30/2018","0.3690","0.3800","0.4070","0.3660","-3.15%"
"10/29/2018","0.3810","0.3570","0.3990","0.3470","6.72%"
"10/26/2018","0.3570","0.3800","0.3880","0.3390","-10.53%"
"10/25/2018","0.3990","0.3820","0.4150","0.3780","1.01%"
"10/24/2018","0.3950","0.4200","0.4230","0.3850","-3.66%"
"10/23/2018","0.4100","0.4310","0.4420","0.4020","-8.69%"
"10/22/2018","0.4490","0.4630","0.4820","0.4370","1.13%"
"10/20/2018","0.4440","0.4440","0.4440","0.4440","-3.27%"
"10/19/2018","0.4590","0.4170","0.4650","0.3890","10.87%"
"10/18/2018","0.4140","0.4760","0.4840","0.4120","-10.58%"
"10/17/2018","0.4630","0.4870","0.4890","0.4500","-5.70%"
"10/16/2018","0.4910","0.5060","0.5180","0.4820","-1.60%"
"10/15/2018","0.4990","0.4910","0.5100","0.4780","0.20%"
"10/12/2018","0.4980","0.5290","0.5450","0.4940","-4.41%"
"10/11/2018","0.5210","0.5020","0.5340","0.4910","-6.13%"
"10/10/2018","0.5550","0.5340","0.5810","0.5300","0.73%"
"10/09/2018","0.5510","0.5480","0.5710","0.5310","4.55%"
"10/08/2018","0.5270","0.5700","0.5760","0.5210","-8.67%"
"10/05/2018","0.5770","0.5350","0.5780","0.5300","8.87%"
"10/04/2018","0.5300","0.5510","0.5510","0.5040","11.34%"
"10/03/2018","0.4760","0.4570","0.4830","0.4330","12.53%"
"10/02/2018","0.4230","0.4720","0.4720","0.4090","-10.95%"
"10/01/2018","0.4750","0.4750","0.5080","0.4680","0.64%"
"09/28/2018","0.4720","0.4910","0.5050","0.4470","-10.44%"
"09/27/2018","0.5270","0.4920","0.5330","0.4780","0.57%"
"09/26/2018","0.5240","0.5390","0.5420","0.5230","-3.32%"
"09/25/2018","0.5420","0.5180","0.5500","0.5180","6.48%"
"09/24/2018","0.5090","0.4600","0.5140","0.4510","10.41%"
"09/21/2018","0.4610","0.4770","0.4850","0.4540","-2.33%"
"09/20/2018","0.4720","0.4800","0.5060","0.4720","-3.48%"
"09/19/2018","0.4890","0.4850","0.5020","0.4700","1.45%"
"09/18/2018","0.4820","0.4550","0.4850","0.4420","5.24%"
"09/17/2018","0.4580","0.4420","0.4730","0.4400","10.63%"
"09/16/2018","0.4140","0.4150","0.4160","0.4090","-6.97%"
"09/14/2018","0.4450","0.4240","0.4600","0.4210","4.95%"
"09/13/2018","0.4240","0.4090","0.4430","0.4020","3.67%"
"09/12/2018","0.4090","0.4300","0.4320","0.3980","-4.88%"
"09/11/2018","0.4300","0.4100","0.4410","0.4060","6.70%"
"09/10/2018","0.4030","0.3870","0.4170","0.3750","3.07%"
"09/07/2018","0.3910","0.3580","0.3960","0.3510","9.83%"
"09/06/2018","0.3560","0.3880","0.3910","0.3490","-6.81%"
"09/05/2018","0.3820","0.3560","0.4010","0.3450","6.11%"
"09/04/2018","0.3600","0.3390","0.3630","0.3330","6.82%"
"09/03/2018","0.3370","0.3410","0.3470","0.3140","1.81%"
"08/31/2018","0.3310","0.3570","0.3640","0.3280","-4.34%"
"08/30/2018","0.3460","0.4050","0.4120","0.3450","-14.78%"
"08/29/2018","0.4060","0.3820","0.4140","0.3730","6.56%"
"08/28/2018","0.3810","0.3730","0.3970","0.3590","0.79%"
"08/27/2018","0.3780","0.3380","0.3820","0.3240","8.00%"
"08/25/2018","0.3500","0.3500","0.3500","0.3500","1.74%"
"08/24/2018","0.3440","0.3470","0.3640","0.3380","0.88%"
"08/23/2018","0.3410","0.3390","0.3560","0.3370","-1.16%"
"08/22/2018","0.3450","0.3240","0.3570","0.3190","2.99%"
"08/21/2018","0.3350","0.3100","0.3350","0.3000","9.48%"
"08/20/2018","0.3060","0.3020","0.3200","0.2980","-1.92%"
"08/18/2018","0.3120","0.3120","0.3120","0.3120","1.96%"
"08/17/2018","0.3060","0.3120","0.3180","0.2870","-4.37%"
"08/16/2018","0.3200","0.3130","0.3220","0.3010","4.92%"
"08/15/2018","0.3050","0.3240","0.3390","0.2900","-7.01%"
"08/14/2018","0.3280","0.3230","0.3390","0.3160","4.79%"
"08/13/2018","0.3130","0.3180","0.3310","0.3010","-2.49%"
"08/10/2018","0.3210","0.3600","0.3600","0.3160","-14.85%"
"08/09/2018","0.3770","0.3980","0.4010","0.3720","-5.51%"
"08/08/2018","0.3990","0.4090","0.4190","0.3960","-2.68%"
"08/07/2018","0.4100","0.4000","0.4170","0.3870","4.59%"
"08/06/2018","0.3920","0.4140","0.4270","0.3860","-3.92%"
"08/04/2018","0.4080","0.4080","0.4080","0.4080","-0.49%"
"08/03/2018","0.4100","0.4520","0.4600","0.4060","-11.06%"
"08/02/2018","0.4610","0.4750","0.4820","0.4460","-3.56%"
"08/01/2018","0.4780","0.4550","0.4950","0.4550","7.42%"
"07/31/2018","0.4450","0.4170","0.4560","0.4090","-0.45%"
"07/30/2018","0.4470","0.4060","0.4610","0.3930","11.75%"
"07/28/2018","0.4000","0.4000","0.4000","0.4000","-1.23%"
"07/27/2018","0.4050","0.4130","0.4180","0.3970","-0.49%"
"07/26/2018","0.4070","0.4200","0.4240","0.3890","2.78%"
"07/25/2018","0.3960","0.3880","0.3980","0.3800","-0.50%"
"07/24/2018","0.3980","0.4050","0.4240","0.3890","-2.45%"
"07/23/2018","0.4080","0.3810","0.4100","0.3710","9.38%"
"07/20/2018","0.3730","0.3320","0.3770","0.3130","12.35%"
"07/19/2018","0.3320","0.3550","0.3610","0.3290","-3.21%"
"07/18/2018","0.3430","0.3540","0.3550","0.3240","-0.87%"
"07/17/2018","0.3460","0.3640","0.3700","0.3440","13.82%"
"07/16/2018","0.3040","0.2820","0.3160","0.2800","7.04%"
"07/13/2018","0.2840","0.3010","0.3020","0.2630","-4.05%"
"07/12/2018","0.2960","0.3150","0.3170","0.2890","-4.82%"
"07/11/2018","0.3110","0.3030","0.3190","0.2920","-2.51%"
"07/10/2018","0.3190","0.3120","0.3300","0.3060","5.63%"
"07/09/2018","0.3020","0.2970","0.3240","0.2950","2.03%"
"07/06/2018","0.2960","0.3110","0.3150","0.2810","-0.34%"
"07/05/2018","0.2970","0.3210","0.3430","0.2920","-2.94%"
"07/04/2018","0.3060","0.3000","0.3130","0.2860","4.44%"
"07/03/2018","0.2930","0.3160","0.3310","0.2890","-3.93%"
"07/02/2018","0.3050","0.3020","0.3150","0.2840","0.66%"
"06/29/2018","0.3030","0.3390","0.3540","0.3000","-5.02%"
"06/28/2018","0.3190","0.3160","0.3320","0.2990","-1.54%"
"06/27/2018","0.3240","0.3360","0.3410","0.3050","-5.26%"
"06/26/2018","0.3420","0.3340","0.3590","0.3170","4.59%"
"06/25/2018","0.3270","0.3190","0.3430","0.3040","-2.68%"
"06/23/2018","0.3360","0.3360","0.3360","0.3360","0.00%"
"06/22/2018","0.3360","0.3310","0.3560","0.3260","0.60%"
"06/21/2018","0.3340","0.3880","0.3880","0.3170","-11.41%"
"06/20/2018","0.3770","0.3840","0.3880","0.3620","1.07%"
"06/19/2018","0.3730","0.3890","0.3890","0.3500","-6.75%"
"06/18/2018","0.4000","0.3960","0.4090","0.3810","-0.50%"
"06/16/2018","0.4020","0.4020","0.4020","0.4020","-0.25%"
"06/15/2018","0.4030","0.4250","0.4280","0.3760","-6.50%"
"06/14/2018","0.4310","0.4810","0.5130","0.4230","-10.95%"
"06/13/2018","0.4840","0.4930","0.4970","0.4620","-1.22%"
"06/12/2018","0.4900","0.4950","0.5190","0.4860","-0.81%"
"06/11/2018","0.4940","0.4750","0.5080","0.4610","10.76%"
"06/08/2018","0.4460","0.4510","0.4620","0.3970","-6.69%"
"06/07/2018","0.4780","0.4830","0.5170","0.4780","3.02%"
"06/06/2018","0.4640","0.4010","0.4680","0.3860","19.90%"
"06/05/2018","0.3870","0.4180","0.4180","0.3610","-7.86%"
"06/04/2018","0.4200","0.3910","0.4240","0.3820","9.09%"
"06/01/2018","0.3850","0.3660","0.4100","0.3530","13.24%"
"05/31/2018","0.3400","0.3570","0.4120","0.3220","-8.11%"
"05/30/2018","0.3700","0.2900","0.3730","0.2820","43.97%"
"05/29/2018","0.2570","0.3430","0.3430","0.1920","-25.51%"
"05/28/2018","0.3450","0.4400","0.4610","0.3390","-15.02%"
"05/25/2018","0.4060","0.4740","0.4790","0.3860","-13.62%"
"05/24/2018","0.4700","0.5100","0.5330","0.4610","-7.11%"
"05/23/2018","0.5060","0.5470","0.5510","0.4960","-9.64%"
"05/22/2018","0.5600","0.5230","0.5730","0.5230","7.49%"
"05/21/2018","0.5210","0.5810","0.5810","0.5180","-8.60%"
"05/20/2018","0.5700","0.5700","0.5700","0.5700","-1.04%"
"05/18/2018","0.5760","0.6370","0.6390","0.5730","-9.58%"
"05/17/2018","0.6370","0.6360","0.6470","0.5980","5.12%"
"05/16/2018","0.6060","0.6350","0.6390","0.5890","-6.34%"
"05/15/2018","0.6470","0.6170","0.6500","0.6130","5.72%"
"05/14/2018","0.6120","0.5570","0.6190","0.5510","9.48%"
"05/11/2018","0.5590","0.5560","0.5690","0.5410","0.18%"
"05/10/2018","0.5580","0.5570","0.5650","0.5330","-0.36%"
"05/09/2018","0.5600","0.5670","0.5860","0.5580","-0.18%"
"05/08/2018","0.5610","0.5320","0.5650","0.5280","5.85%"
"05/07/2018","0.5300","0.5440","0.5440","0.5180","-2.75%"
"05/04/2018","0.5450","0.5380","0.5470","0.5220","2.06%"
"05/03/2018","0.5340","0.5780","0.5920","0.5250","-8.25%"
"05/02/2018","0.5820","0.5710","0.5900","0.5680","3.56%"
"04/30/2018","0.5620","0.5780","0.5930","0.5570","-1.40%"
"04/27/2018","0.5700","0.5920","0.5920","0.5640","-4.20%"
"04/26/2018","0.5950","0.6330","0.6360","0.5850","-6.00%"
"04/25/2018","0.6330","0.6280","0.6550","0.6250","0.64%"
"04/24/2018","0.6290","0.6260","0.6550","0.6100","-0.94%"
"04/23/2018","0.6350","0.6130","0.6390","0.6100","7.63%"
"04/20/2018","0.5900","0.5880","0.6130","0.5800","-1.34%"
"04/19/2018","0.5980","0.5380","0.6040","0.5380","12.41%"
"04/18/2018","0.5320","0.5130","0.5350","0.4960","4.93%"
"04/17/2018","0.5070","0.5270","0.5390","0.5060","-3.24%"
"04/16/2018","0.5240","0.5160","0.5510","0.5150","2.34%"
"04/14/2018","0.5120","0.5110","0.5120","0.5110","0.20%"
"04/13/2018","0.5110","0.5120","0.5370","0.5060","-0.78%"
"04/12/2018","0.5150","0.5020","0.5180","0.4930","2.79%"
"04/11/2018","0.5010","0.5150","0.5160","0.4830","-2.91%"
"04/10/2018","0.5160","0.5070","0.5290","0.4880","2.18%"
"04/09/2018","0.5050","0.5000","0.5120","0.4940","1.00%"
"04/06/2018","0.5000","0.5160","0.5200","0.4920","-4.94%"
"04/05/2018","0.5260","0.5100","0.5380","0.5080","4.78%"
"04/04/2018","0.5020","0.5090","0.5110","0.4790","0.00%"
"04/03/2018","0.5020","0.4800","0.5210","0.4790","1.62%"
"03/30/2018","0.4940","0.4970","0.4970","0.4940","0.20%"
"03/29/2018","0.4930","0.5050","0.5130","0.4900","-1.99%"
"03/28/2018","0.5030","0.4960","0.5060","0.4730","0.20%"
"03/27/2018","0.5020","0.5320","0.5390","0.5000","-3.83%"
"03/26/2018","0.5220","0.5310","0.5480","0.5200","-1.14%"
"03/24/2018","0.5280","0.5250","0.5280","0.5250","0.57%"
"03/23/2018","0.5250","0.5250","0.5500","0.5170","-0.76%"
"03/22/2018","0.5290","0.5790","0.5820","0.5160","-10.64%"
"03/21/2018","0.5920","0.5870","0.6040","0.5800","1.37%"
"03/20/2018","0.5840","0.5770","0.5920","0.5740","2.64%"
"03/19/2018","0.5690","0.5710","0.6070","0.5630","-0.35%"
"03/16/2018","0.5710","0.5670","0.5850","0.5590","-0.52%"
"03/15/2018","0.5740","0.5940","0.5970","0.5660","-3.04%"
"03/14/2018","0.5920","0.6100","0.6300","0.5830","-4.52%"
"03/13/2018","0.6200","0.6290","0.6400","0.6080","-2.36%"
"03/12/2018","0.6350","0.6550","0.6570","0.6230","-1.40%"
"03/09/2018","0.6440","0.6370","0.6600","0.6310","2.22%"
"03/08/2018","0.6300","0.6670","0.7030","0.6260","-3.67%"
"03/07/2018","0.6540","0.6610","0.6760","0.6470","-3.25%"
"03/06/2018","0.6760","0.6620","0.7020","0.6400","4.64%"
"03/05/2018","0.6460","0.6180","0.6460","0.5960","-0.15%"
"03/02/2018","0.6470","0.6300","0.6530","0.6060","0.78%"
"03/01/2018","0.6420","0.6550","0.6580","0.6210","-1.83%"
"02/28/2018","0.6540","0.6770","0.6890","0.6540","-3.40%"
"02/27/2018","0.6770","0.6630","0.6850","0.6530","3.68%"
"02/26/2018","0.6530","0.6440","0.6710","0.6390","-0.15%"
"02/23/2018","0.6540","0.7070","0.7070","0.6510","-7.63%"
"02/22/2018","0.7080","0.7490","0.7500","0.6980","-2.07%"
"02/21/2018","0.7230","0.7290","0.7290","0.6970","-1.90%"
"02/20/2018","0.7370","0.7470","0.7640","0.7160","0.41%"
"02/19/2018","0.7340","0.7210","0.7430","0.7160","3.82%"
"02/18/2018","0.7070","0.7070","0.7070","0.7070","0.00%"
"02/16/2018","0.7070","0.7740","0.7790","0.6990","-7.58%"
"02/15/2018","0.7650","0.7720","0.7960","0.7510","0.66%"
"02/14/2018","0.7600","0.7380","0.7740","0.7240","1.33%"
"02/13/2018","0.7500","0.7510","0.7570","0.7180","-1.06%"
"02/12/2018","0.7580","0.7510","0.7860","0.7380","1.47%"
"02/09/2018","0.7470","0.7530","0.7760","0.7230","-1.97%"
"02/08/2018","0.7620","0.7580","0.8080","0.7380","2.42%"
"02/07/2018","0.7440","0.7070","0.7480","0.6860","7.20%"
"02/06/2018","0.6940","0.7040","0.7170","0.6640","-5.58%"
"02/05/2018","0.7350","0.7710","0.7740","0.7200","-4.30%"
"02/02/2018","0.7680","0.7360","0.7710","0.7240","6.52%"
"02/01/2018","0.7210","0.7060","0.7380","0.6930","3.44%"